# 同音错误榜：正确词	错词	次数。由解码器在环挖出，不是手写名单。
# 来源：留出集 20 万句（种子 20261009，sha256 163dc979c4a76805…）用改前 LM 解码，
#       取「等长、同音、两侧都是词表词」的首选错误按词对计数（.lab/mine/mine_errors.py）。
# 用途：dict-convert bigram --homophone-errors 优先保住榜上词的二元。
她	他	586
嘛	吗	538
得	的	462
它	他	305
又	有	216
再	在	210
地	的	174
时	是	172
阿	啊	148
事	是	142
的	得	135
由	有	135
以	一	129
有	又	127
号	好	122
美	没	98
使	是	96
卖	买	90
她的	他的	89
在	再	86
把	吧	84
咯	个	79
回	会	79
像	想	77
哎	爱	76
喝	和	73
她们	他们	73
十	是	72
德	的	69
打	大	69
拉	啦	68
吧	把	67
它们	他们	67
拿	那	66
坐	做	64
部	不	63
它的	他的	63
哪	那	62
向	想	59
哪个	那个	59
于	与	56
耶	也	52
吖	啊	49
海	还	48
补	不	48
的	地	47
其它	其他	47
教	叫	46
称为	成为	46
笑	小	45
加	家	45
照	找	45
与	于	45
他	她	43
师	是	42
好嘛	好吗	40
改	该	40
哒	大	40
哥	个	39
长的	长得	37
乐	了	37
你得	你的	37
每	没	37
一只	一直	35
菜	才	35
河	和	35
妹	没	35
和	喝	34
唉	爱	34
任	人	34
湖南	昏暗	34
辣	啦	33
作	做	32
在那里	在哪里	32
酒	就	32
花	话	31
试	是	31
取	去	31
我得	我的	31
恢复	回复	31
它是	他是	31
在那	在哪	30
背	被	30
骑	起	30
她在	他在	30
那天	哪天	30
店	点	30
式	是	30
过的	过得	29
戴	带	29
不像	不想	29
说得	说的	29
香	想	29
是	十	29
不回	不会	28
吗	嘛	28
前	钱	28
腻	你	28
好想	好像	28
大	打	28
道	到	28
剪	见	27
省	生	27
那里	哪里	27
倒	到	27
油	有	27
受	瘦	27
马	吗	27
晚	玩	26
离	理	26
连	脸	26
直到	知道	26
现	先	26
各	个	26
事件	时间	25
搞	高	25
水	睡	25
维	为	25
像我	想我	25
吃得	吃的	25
她是	他是	25
窝	我	25
即	及	25
受到	收到	25
获	或	25
她说	他说	24
喂	为	24
镇	真	24
游	有	24
那时	那是	24
甜	天	23
新	心	23
伤	上	23
丫	呀	23
会	回	23
交	叫	23
位	为	23
将	讲	23
史	是	22
电	点	22
台	太	22
歌	个	22
尼	你	22
架	家	22
嗨	还	22
再看	在看	22
好像	好想	22
呦	有	22
国	过	22
届	姐	22
减	见	21
为	位	21
食	是	21
收	瘦	21
待	带	21
买	卖	21
夜	也	21
嘴	最	21
较	叫	21
科	克	21
咬	要	20
是	时	20
看的	看得	20
快了	快乐	20
给她	给他	20
药	要	20
那个	哪个	20
没	每	20
睡的	睡得	20
里	利	20
他	它	19
矮	爱	19
那	哪	19
亦	一	19
传	穿	19
未	为	19
北	被	19
她就	他就	18
实	是	18
卖了	买了	18
额	饿	18
恨	很	18
气	起	18
乡	想	18
队	对	18
腰	要	18
第	滴	18
码	吗	18
达	大	18
利	里	18
使得	是的	18
被窝	被我	17
烧	少	17
牙	呀	17
猫	毛	17
对她	对他	17
线	先	17
词	次	17
亿	一	17
圆	远	17
球	求	17
钱	前	17
猜	才	17
处	出	17
像你	想你	17
友	有	17
相	想	17
城	成	17
洛	罗	17
耍	刷	16
八	吧	16
其	奇	16
份	分	16
心	新	16
不再	不在	16
化	画	16
室	是	16
逗	都	16
娃	哇	16
搭	大	16
画	话	16
类	累	16
除	出	16
看得	看的	16
傻	啥	16
痛	同	16
就像	就想	16
那	拿	16
姐	借	16
出了	除了	16
步	不	16
块	快	16
岛	到	16
有	由	16
有时	又是	16
为	未	16
饰	是	16
似的	是的	15
包	抱	15
师姐	世界	15
诗	是	15
一半	一般	15
听	挺	15
脚	叫	15
排	拍	15
骂	吗	15
拔	把	15
假	家	15
修	秀	15
清	请	15
门	们	15
练	脸	15
动	懂	15
停	听	15
跟她	跟他	15
指导	知道	15
文	问	15
非	飞	15
鱼	雨	14
挺	听	14
按	安	14
肥	飞	14
曲	去	14
课	可	14
布	不	14
占	站	14
科	可	14
打了	大了	14
眼镜	眼睛	14
收了	瘦了	14
陕西	山西	14
而	二	14
发行	发型	14
原	愿	14
砍	看	13
借	接	13
毛	猫	13
是那个	是哪个	13
离	里	13
者	这	13
会来	回来	13
李	里	13
你嘛	你吗	13
带	戴	13
碗	玩	13
老是	老师	13
花	画	13
泡	跑	13
伤害	上海	13
知识	只是	13
做	坐	13
画	花	13
赛	塞	13
离	李	13
或	活	13
视	是	13
劳资	老子	13
备	被	13
核	和	13
拿来	哪来	13
是	事	12
这事	这是	12
八	把	12
意	一	12
玩的	玩得	12
火	活	12
雪	学	12
烦	翻	12
高	搞	12
憋	别	12
哒	打	12
朕	真	12
调	掉	12
过得	过的	12
迟	吃	12
九	就	12
在此	再次	12
野	也	12
华	花	12
得	嘚	12
再说	在说	12
到时	倒是	12
够	狗	12
刷	耍	12
流	留	12
厚	后	12
胃	为	12
升	生	12
配	陪	12
订	定	12
明	名	12
救	就	12
次	此	12
统一	同意	12
设有	舍友	12
埃	艾	12
据	距	12
一	以	11
煮	住	11
啦	拉	11
手	瘦	11
让他	让它	11
聊	撩	11
查	差	11
瘦	手	11
遭	早	11
锅	过	11
爷	也	11
瓦	哇	11
烤	考	11
吉	基	11
嗦	所	11
心理	心里	11
狠	很	11
辆	两	11
二	而	11
世	是	11
家	假	11
结	接	11
实在	是在	11
熊	胸	11
代	带	11
小	笑	11
便	变	11
撞	装	11
她有	他有	11
害	还	11
方	放	11
接	借	11
何	和	11
灯	等	11
很像	很想	11
接	姐	11
醉	最	11
咯	哥	11
让她	让他	11
念	年	11
笔	比	11
该	改	11
祝	住	11
唉	哎	11
指	只	11
魏	为	11
土	图	11
杯	被	11
隔	个	11
载	在	11
挑	跳	11
支	只	11
持	吃	11
级	及	11
自	子	11
赴	服	11
格	个	10
艺人	一人	10
一打	一大	10
会去	回去	10
到	倒	10
你回	你会	10
猛	萌	10
定	订	10
些	写	10
久	就	10
猪	住	10
屁	皮	10
吃到	迟到	10
爬	怕	10
过	国	10
苦	哭	10
你哥	你个	10
认	人	10
怂	送	10
座	做	10
看这	看着	10
这回	这会	10
与	雨	10
办	搬	10
怼	对	10
灰	会	10
盖	改	10
剁	多	10
我咯	我个	10
招	找	10
没	美	10
仅	金	10
登	等	10
那有	哪有	10
想	像	10
推	腿	10
麻	吗	10
如	入	10
捞	老	10
打架	大家	10
我嘛	我吗	10
酷	哭	10
好萌	好梦	10
样	养	10
季	集	10
赖	来	10
豪	好	10
医	一	10
战	站	10
想想	想象	10
攻	公	10
响	想	10
只吃	支持	10
躲	多	10
哪天	那天	10
亚	呀	10
法	发	10
旧	就	10
早期	早起	10
背景	北京	10
自	字	10
至	只	10
市镇	是真	10
个	各	10
赵	找	10
沃	我	10
一加	一家	9
味	为	9
纸	只	9
邮	有	9
一	亦	9
在说	再说	9
闲	先	9
瞎	下	9
归	贵	9
一回	一会	9
不停	不听	9
报	抱	9
让它	让他	9
懂得	懂的	9
臭	丑	9
狗	够	9
不通	不同	9
话	花	9
忍	人	9
私	死	9
篇	片	9
顶	定	9
个	哥	9
散	三	9
妖	要	9
赶	敢	9
泥	你	9
采取	才去	9
时的	是的	9
赫	和	9
人是	认识	9
杂	咋	9
却是	确实	9
至	之	9
捡	见	9
伪	为	9
住	祝	9
美食	没事	9
不玩	不完	9
完	玩	9
缺	却	9
练	连	9
她	它	9
报	包	9
低	滴	9
好想你	好像你	9
智能	只能	9
标	表	9
我教	我叫	9
逆	你	9
同事	同时	9
揍	走	9
管	关	9
刻意	可以	9
嘿	黑	9
未知	位置	9
酸	算	9
呵	啊	9
董	东	9
命	名	9
右	有	9
吸	洗	9
党	当	9
美人	没人	9
田	天	9
咦	一	9
通	同	9
始	是	9
微	为	9
针	真	9
任务	人物	9
莱	来	9
共	公	9
集	及	9
取得	去的	9
将	江	9
经	静	9
船	穿	8
待着	呆着	8
尔	而	8
一会	一回	8
博	波	8
丁	定	8
跳	挑	8
来吗	来嘛	8
起	气	8
养	样	8
不干	不敢	8
哪些	那些	8
改编	改变	8
我回	我会	8
信	心	8
震	真	8
盗	到	8
识	是	8
化了	花了	8
梦	萌	8
短	段	8
那儿	哪儿	8
衣	一	8
爱	艾	8
之	只	8
嫁	加	8
失	是	8
不完	不玩	8
此	次	8
逛	光	8
摔	帅	8
弟	滴	8
众	中	8
伞	三	8
我会	我回	8
尚	上	8
摆	白	8
娶	去	8
斗	都	8
才	猜	8
罢	吧	8
你咯	你个	8
稳	问	8
吼	后	8
汪	王	8
大脸	大连	8
先	线	8
刘	六	8
纹	问	8
豆	都	8
叫	教	8
要请	邀请	8
谢	写	8
抖	都	8
倍	被	8
初	出	8
退	腿	8
刀	到	8
县	先	8
包	报	8
有得	有的	8
就会	就回	8
叫	交	8
量	两	8
机	几	8
仁	人	8
显示	现实	8
杀	啥	8
梅	没	8
萌	梦	8
温	文	8
围	为	8
埃	爱	8
会议	回忆	8
展	站	8
一集	以及	8
导	到	8
收到	受到	8
以外	意外	8
财	才	8
树	书	8
消失	小时	8
伊	一	8
被	北	8
猴	后	8
一位	以为	8
由	又	8
郭	过	8
越	月	8
则	啧	8
州	周	8
亦	以	8
指	至	8
的	德	8
传记	专辑	8
靠	考	8
击败	几百	8
蒂	迪	8
城镇	成真	8
业	也	8
希	西	8
涉及	设计	8
就回	就会	7
晚了	完了	7
号就	好久	7
病	并	7
左	做	7
见了	剪了	7
上	伤	7
淹	演	7
罚	发	7
学	雪	7
只	之	7
不造	不早	7
写	谢	7
实践	时间	7
不	布	7
见	剪	7
同	通	7
易	一	7
联	脸	7
来嘛	来吗	7
终点	重点	7
首	手	7
胸	熊	7
羊	养	7
页	也	7
环	换	7
个	歌	7
不动	不懂	7
省	剩	7
兵	并	7
勒	了	7
房	放	7
果	过	7
知	只	7
疯	风	7
惹	热	7
梗	更	7
家	加	7
巴	吧	7
指示	只是	7
是	使	7
钥匙	要是	7
抄	超	7
寄	几	7
家有	加油	7
答	打	7
狼	浪	7
名	明	7
室友	是有	7
肖	小	7
呦	又	7
抱	报	7
喽	楼	7
母	木	7
导师	倒是	7
鸭	呀	7
随即	随机	7
征服	政府	7
活着	或者	7
谁了	睡了	7
造	早	7
信	新	7
儿	而	7
说得好	说的好	7
死	四	7
先	现	7
料	聊	7
真实	真是	7
集	季	7
力	里	7
号码	好吗	7
呃	额	7
才	菜	7
闻	问	7
版	班	7
蛋	但	7
做得	做的	7
师父	师傅	7
整	正	7
盒	和	7
权力	权利	7
士	是	7
逮	带	7
高速	告诉	7
告	高	7
奖	将	7
吵	超	7
馆	管	7
甩	帅	7
收集	手机	7
戒	接	7
远	愿	7
毁	会	7
极	及	7
型	性	7
一致	一直	7
溪	西	7
索	所	7
隆	龙	7
不久	不就	7
西	嘻	7
声	生	7
间	见	7
着	著	7
因其	引起	7
东至	冬至	7
主体	主题	7
以下	一下	7
部份	部分	7
罪	最	7
执导	知道	7
属	书	7
阻止	组织	7
库	哭	7
和	河	7
革	个	7
驻	祝	7
好小	好笑	6
划	花	6
半	班	6
一生	医生	6
杨	养	6
壳	可	6
采	才	6
不	部	6
不	补	6
一晚	一万	6
依	一	6
推	退	6
愁	丑	6
得	德	6
签	钱	6
晚	完	6
搭	打	6
没发	没法	6
吻	问	6
欢乐	换了	6
是	失	6
情	请	6
鹿	路	6
节	姐	6
象	想	6
玩	晚	6
遮	这	6
百	白	6
值	只	6
玩得	玩的	6
懂	动	6
个个	哥哥	6
到	道	6
是	室	6
拍	排	6
鞋	些	6
吗	骂	6
克	可	6
乌	五	6
乖	怪	6
今	金	6
贝	被	6
儿	尔	6
守	瘦	6
苦	酷	6
干	敢	6
满	蛮	6
胆	但	6
进	金	6
到那	到哪	6
卸	写	6
他们	它们	6
夏	下	6
优点	有点	6
主任	主人	6
倍	杯	6
挖	哇	6
摇	要	6
打得	大的	6
瞧瞧	悄悄	6
中了	肿了	6
轻	请	6
扯	车	6
手上	受伤	6
共	工	6
带着	戴着	6
毕	比	6
壕	好	6
捡	剪	6
登录	登陆	6
五	武	6
鬼	贵	6
你坐	你做	6
街	姐	6
想得	想的	6
被子	杯子	6
辣鸡	垃圾	6
欠	钱	6
往	网	6
围脖	微薄	6
鹅	饿	6
萨	撒	6
嫌	先	6
有用	游泳	6
偷	头	6
不	步	6
闭	比	6
壮	装	6
奔	本	6
老师	老是	6
投	头	6
冰	并	6
许	徐	6
班	半	6
划	画	6
化	花	6
网	王	6
文字	蚊子	6
月	越	6
割	个	6
歌	哥	6
卢	鲁	6
临	林	6
反映	反应	6
不喝	不和	6
亮	两	6
胜	生	6
肿	中	6
字	子	6
弯	玩	6
撩	聊	6
我爸	我吧	6
袋	带	6
福	夫	6
线	现	6
好	号	6
元	原	6
反	翻	6
牌	拍	6
东	懂	6
惠	会	6
质疑	之一	6
子	字	6
喝奶	很爱	6
章	张	6
尤	有	6
吃嘛	吃吗	6
练习	联系	6
设	社	6
施行	实行	6
往	王	6
直	只	6
夺	多	6
喇	啦	6
拔	吧	6
液	也	6
治	只	6
不在	不再	6
男的	难得	6
十个	是个	6
借	姐	6
显	先	6
搬	班	6
需	许	6
飘	票	6
暨	及	6
预言	语言	6
根	跟	6
每人	没人	6
埋	买	6
炒	超	6
终	中	6
四	斯	6
窦	都	6
宜	一	6
要的	要得	6
阵	真	6
邓	等	6
降	将	6
海事	还是	6
籍	及	6
西南	心安	6
视频	食品	6
尚有	上有	6
为	委	6
山西	陕西	6
沿	演	6
达	打	6
遗址	一直	6
皆	接	6
英军	英俊	6
人	任	6
未	位	6
克	科	6
知	之	6
建	见	6
罗	洛	6
梅	美	6
居	局	6
层	曾	6
行程	形成	6
意为	以为	6
斯	四	6
一副	衣服	5
一期	一起	5
一棵	一颗	5
撸	路	5
宝	包	5
完	晚	5
数	输	5
想我	像我	5
统一	同一	5
窗	床	5
不分	部分	5
挤	几	5
小了	笑了	5
急	几	5
抄	吵	5
让她	让它	5
就想	就像	5
瘦	受	5
点	店	5
绑	帮	5
嘞	累	5
葱	从	5
喜	洗	5
宣	选	5
钟	中	5
冲	充	5
雾	五	5
漫漫	慢慢	5
尖	见	5
晴	请	5
吐	涂	5
透	头	5
丰	风	5
加	假	5
卫	为	5
蛙	哇	5
金	进	5
精力	经历	5
堆	对	5
休	修	5
争	整	5
哇	娃	5
人和	任何	5
七	起	5
朝	超	5
爸	把	5
完了	玩了	5
爱过	爱国	5
屋	五	5
哪种	那种	5
珍	真	5
重	种	5
残	惨	5
子	自	5
基	及	5
坐了	做了	5
刻	可	5
讲	将	5
一对	一堆	5
翔	想	5
撕	死	5
休	秀	5
辣	拉	5
住	煮	5
甜食	天使	5
反感	方案	5
印	因	5
佐	做	5
迈	买	5
心里	心理	5
当	挡	5
示	是	5
鞋	写	5
杯子	被子	5
基	几	5
做完	昨晚	5
发	法	5
叫	脚	5
妆	装	5
惯	管	5
心	信	5
意志	一直	5
瘦	收	5
受	收	5
吗	马	5
品	拼	5
一笑	一小	5
道德	到的	5
欠	前	5
串	穿	5
种	重	5
我打	我大	5
扒	吧	5
认得	人的	5
失误	食物	5
啊	阿	5
美丽	魅力	5
须	需	5
把	巴	5
充	冲	5
钱	欠	5
脸	连	5
叔	书	5
谢了	写了	5
写了	谢了	5
冻	懂	5
军	君	5
嫁	家	5
哪里	那里	5
活	或	5
清纯	青春	5
再次	在此	5
妮	你	5
善	山	5
签	前	5
商	上	5
翻	反	5
机	及	5
句子	橘子	5
填	天	5
与	语	5
中药	重要	5
许	需	5
预订	预定	5
度	毒	5
可	科	5
自愿	资源	5
条	跳	5
银	因	5
鸭梨	压力	5
叼	掉	5
不玩	不晚	5
岗	港	5
它	她	5
弃	起	5
烂	懒	5
香	像	5
编	变	5
剩	生	5
汁	只	5
咯	歌	5
凯	开	5
睡	水	5
喜	嘻	5
些	谢	5
噶	嘎	5
晚了	玩了	5
在哪	在那	5
宅	摘	5
营	英	5
包围	保卫	5
吵	潮	5
凉	亮	5
一	衣	5
给予	基于	5
赏	上	5
科	课	5
塌	他	5
天哪	天呐	5
好事	好是	5
戴着	带着	5
太原	太远	5
奖	讲	5
波	博	5
价	家	5
懂的	懂得	5
字	自	5
纯	春	5
舞	五	5
锦	金	5
食用	使用	5
可	课	5
理	里	5
沙	啥	5
源	原	5
忒	特	5
哩	里	5
施	是	5
以南	阴暗	5
费	肥	5
二	儿	5
琳	林	5
揉	肉	5
我弟	我滴	5
效	小	5
独自	肚子	5
茶	差	5
姚	要	5
紧	近	5
寺	斯	5
抵制	地址	5
接收	接受	5
引	因	5
是	史	5
撑	成	5
权	全	5
箱	想	5
杀了	啥了	5
场	唱	5
殿	点	5
班	版	5
负	富	5
莫	摸	5
矮油	哎呦	5
川	穿	5
雷	累	5
还	海	5
近	金	5
丝	斯	5
退出	推出	5
闻	文	5
金星	进行	5
舰	见	5
驶	是	5
剂	及	5
执	之	5
进而	今儿	5
术语	属于	5
以便	一边	5
支	之	5
富	福	5
势力	实力	5
重组	充足	5
米	密	5
做出	作出	5
周	州	5
解除	接触	5
换乘	换成	5
原	院	5
已知	一直	5
员	院	5
县治	限制	5
以东	移动	5
鲁	路	5
晋	金	5
纳	那	5
指挥	只会	5
间	建	5
立面	里面	5
西	希	5
汉	韩	5
楚国	出国	5
炫	选	4
器	气	4
猿粪	缘分	4
不愿	不远	4
胎	太	4
一晚	一碗	4
像	相	4
佳	假	4
动	东	4
差	查	4
倪	你	4
搓	错	4
演	眼	4
报到	报道	4
痘	都	4
抵	滴	4
请	清	4
保	抱	4
吃完饭	吃晚饭	4
大了	打了	4
劳	老	4
挨	爱	4
服	夫	4
掉	调	4
笨	本	4
找	招	4
水瓶	水平	4
加了	家了	4
意见	一件	4
漂	票	4
踩	才	4
不止	不知	4
架	加	4
片子	骗子	4
雨	鱼	4
虚	许	4
像	向	4
记	及	4
不赖	不来	4
一支	一直	4
维	位	4
问	闻	4
套	逃	4
生	剩	4
丙	并	4
挤	及	4
捡	减	4
案	安	4
沟	狗	4
到达	到大	4
张	章	4
呀	亚	4
擀	干	4
主题	猪蹄	4
蒸	整	4
听了	停了	4
忘	往	4
歧视	其实	4
亮	量	4
势	是	4
图	吐	4
人	忍	4
人物	任务	4
像	象	4
累	类	4
优	有	4
九号	就好	4
记	几	4
一丝	意思	4
忘	网	4
天	甜	4
何时	合适	4
新生	心声	4
喃	男	4
想象	想想	4
恋	脸	4
好象	好像	4
深情	申请	4
他的	她的	4
尝	唱	4
办	版	4
猪	主	4
听	停	4
复	覆	4
连	练	4
颗	可	4
薛	学	4
宗	总	4
秀	休	4
北京	背景	4
男方	南方	4
大	答	4
麦	买	4
有戏	游戏	4
故	古	4
头	偷	4
怪	乖	4
蒸	正	4
庆	清	4
摊	谈	4
删	山	4
考验	考研	4
蜀黍	叔叔	4
暴	爆	4
主意	注意	4
是在	实在	4
龚	公	4
歇	写	4
妹	美	4
蛮	满	4
打个	大哥	4
理	离	4
美貌	眉毛	4
肾	神	4
边	变	4
木	母	4
薄	饱	4
美得	没得	4
嘚	得	4
两块	凉快	4
办	班	4
王	网	4
认识	人是	4
吴	五	4
挽	玩	4
亮了	凉了	4
是	世	4
伤了	上了	4
罩	找	4
问	文	4
爆	包	4
货	活	4
值	之	4
假	加	4
想	向	4
先是	现实	4
姐	接	4
教师	教室	4
公子	工资	4
砸	咋	4
为止	位置	4
关	管	4
遇	与	4
场	常	4
给它	给他	4
画了	花了	4
写	些	4
哪	拿	4
再加	在家	4
宰	在	4
冻	动	4
决	绝	4
流	六	4
凉	两	4
一篇	一片	4
剪	减	4
经理	经历	4
白	摆	4
颇	破	4
跟	根	4
前年	千年	4
丝	死	4
呆了	带了	4
卅	撒	4
就	久	4
直	之	4
老实	老师	4
又是	有时	4
跨	夸	4
哪样	那样	4
发言	发炎	4
飞	肥	4
犯	烦	4
纪录	记录	4
片	篇	4
肥肠	非常	4
欸	爱	4
电力	店里	4
侠	下	4
就	九	4
蛆	去	4
右	又	4
急需	继续	4
雅	呀	4
吐	图	4
掀起	嫌弃	4
吸	嘻	4
巴	八	4
限	先	4
咳	还	4
宝	抱	4
叭	吧	4
握	我	4
挣	整	4
笔芯	比心	4
魅力	美丽	4
泪	累	4
纪律	几率	4
唯	为	4
喘	穿	4
找	照	4
窄	宅	4
主	猪	4
算	酸	4
波	播	4
虫	冲	4
他的	它的	4
几	基	4
滑	画	4
头	投	4
滑	花	4
踏实	他是	4
学员	学院	4
向	像	4
寄	即	4
白	百	4
艺名	一名	4
我哥	我个	4
建	间	4
坎	看	4
永	用	4
岁时	随时	4
几	及	4
上海	伤害	4
组	租	4
市区	失去	4
振动	震动	4
为	味	4
幼	有	4
校区	小区	4
萧	小	4
标识	标志	4
当作	当做	4
拿	哪	4
家的	假的	4
里	理	4
饱	薄	4
必	比	4
忠	中	4
是	试	4
肥了	废了	4
架构	家狗	4
美了	没了	4
之	至	4
枚	没	4
儿	二	4
不打	不大	4
生	声	4
橘子	句子	4
烟	演	4
缘	原	4
退	推	4
那位	哪位	4
堡	包	4
朱	住	4
想的	想得	4
我坐	我做	4
定	顶	4
投	偷	4
蚊子	文字	4
岳	越	4
纪念	几年	4
戒	姐	4
成	程	4
姨	一	4
被	背	4
是	师	4
满	慢	4
柳	刘	4
港	刚	4
网	忘	4
赶	干	4
新	信	4
蛙	娃	4
磨	摸	4
现	线	4
领	令	4
反	饭	4
断	短	4
按	俺	4
挡	当	4
捡到	见到	4
接	街	4
益	一	4
映	影	4
通报	同胞	4
糖	唐	4
个	格	4
话	化	4
毅	一	4
每隔	每个	4
治	之	4
去世	去试	4
结	借	4
耍了	刷了	4
浪	郎	4
牧师	木事	4
独	度	4
致	只	4
图	土	4
既	即	4
竟	静	4
编程	变成	4
自有	自由	4
将	奖	4
良	两	4
花费	话费	4
事后	时候	4
阶	姐	4
贞	真	4
远	原	4
这时	这是	4
树	属	4
和	何	4
朱	祝	4
鱼	与	4
邻	林	4
含	喊	4
随	岁	4
志	只	4
患	换	4
韦	为	4
置	至	4
适用	使用	4
一级	以及	4
成人	承认	4
进	今	4
万里	碗里	4
统治	通知	4
延伸	眼神	4
不符	不服	4
军	郡	4
郡	君	4
议	一	4
释	是	4
蒙	梦	4
丹	但	4
墓地	目的	4
证券	政权	4
作出	做出	4
乌	武	4
乙	一	4
营	影	4
先	县	4
乳	入	4
令	另	4
命名	明明	4
以	伊	4
称作	乘坐	4
机动	激动	4
驾驶	家是	4
齐	奇	4
颁布	半部	4
里	李	4
立	里	4
余	与	4
原	元	4
资助	自助	4
端	段	4
着重	著重	4
其父	欺负	4
步行	不行	4
兼	见	4
职	直	4
言	演	4
台	泰	4
勃	波	4
改称	改成	4
李	利	4
又	由	4
及	集	4
事务	食物	4
置	只	4
吨	炖	4
呈	成	4
一	意	4
态	太	4
汉	喊	4
连通	联通	4
氢	请	4
尾	为	4
近年	今年	4
帕	怕	4
应	英	4
秋季	球季	4
诸	主	4
惟	为	4
户	胡	4
作	座	4
主义	注意	4
项	想	4
狄	迪	4
部队	不对	4
致使	只是	4
轮	论	4
惊	静	3
通	痛	3
赢	英	3
春节	纯洁	3
辞	次	3
敷	服	3
一分	一份	3
匹	批	3
搬	办	3
节	届	3
币	笔	3
延长	演唱	3
涂	吐	3
就醒了	就行了	3
码	马	3
一直	一只	3
祈福	欺负	3
睁	整	3
舟	周	3
被	杯	3
一边	一遍	3
足矣	足以	3
桥	巧	3
乘	成	3
托	拖	3
魂	婚	3
洗	嘻	3
有事	又是	3
成	撑	3
地儿	第二	3
湿	是	3
你大	你打	3
难得	男的	3
奴隶	努力	3
不只	不止	3
颜	言	3
点	电	3
掰弯	百万	3
腐	福	3
不屑	不谢	3
珠	烛	3
受	守	3
不急	不及	3
胶带	交代	3
敌	滴	3
豹子	包子	3
忧郁	犹豫	3
止于	至于	3
不止	不只	3
杀了	傻了	3
丧	桑	3
挺	停	3
装	撞	3
热	惹	3
只	直	3
吐	秃	3
要	咬	3
没了	美了	3
不请	不清	3
剪了	见了	3
损	孙	3
贺	和	3
查了	差了	3
想你	像你	3
已然	依然	3
全	泉	3
翻	烦	3
噪	早	3
托	脱	3
甚么	什么	3
加剧	家具	3
住	猪	3
菌	君	3
举	距	3
睡	说	3
轩	选	3
将就	讲究	3
书	数	3
好就	好久	3
秀	修	3
做	作	3
坤	困	3
首	瘦	3
京	静	3
亮点	两点	3
美眉	妹妹	3
人妖	人要	3
碍	爱	3
傻了	啥了	3
腰带	要带	3
仅	尽	3
洒	撒	3
垦丁	肯定	3
书	树	3
写	鞋	3
介	姐	3
杯子	辈子	3
抱	宝	3
师弟	是滴	3
座位	作为	3
潜	前	3
说得对	说的对	3
啥呢	善恶	3
点亮	电量	3
痒	养	3
健	见	3
价格	加个	3
锁	所	3
下	瞎	3
敢	干	3
贪	谈	3
减	剪	3
美好	没好	3
诠释	全是	3
我到	我倒	3
组织	阻止	3
答	大	3
但	淡	3
湾	玩	3
侧	测	3
体型	提醒	3
出	处	3
恶	饿	3
吉	几	3
几	级	3
吗	妈	3
腐女	妇女	3
试	事	3
事啊	是啊	3
个个	各个	3
想死	相似	3
伙	火	3
我脸	我连	3
你会	你回	3
似	是	3
真是的	真实的	3
你傻	你啥	3
想	相	3
前	签	3
说的	说得	3
猪蹄	主题	3
袋	代	3
饭	翻	3
干吗	干嘛	3
啥时	啥事	3
瞎了	下了	3
嚼	觉	3
告	搞	3
世代	时代	3
嘎	噶	3
少	烧	3
阴	因	3
过气	过期	3
戒	借	3
正是	正式	3
布置	不知	3
把	爸	3
遍	变	3
暴	宝	3
敲	瞧	3
紧	进	3
大吗	大妈	3
近	斤	3
玉	雨	3
向着	想着	3
猪	祝	3
毁了	回了	3
记账	几张	3
柔	肉	3
溜	留	3
员	原	3
弯	完	3
二	尔	3
顶	订	3
柿子	狮子	3
输	书	3
好使	好是	3
冒	毛	3
秋	球	3
闪	删	3
处	初	3
靖	静	3
防	放	3
小的	晓得	3
鲵	你	3
趴	怕	3
瓜	挂	3
苗	喵	3
大号	大好	3
哇	瓦	3
慢	蛮	3
大哥	打个	3
献	先	3
稿	高	3
正事	正式	3
一遍	一边	3
照骗	照片	3
太	台	3
悔	会	3
对	队	3
紫	子	3
海子	孩子	3
陕北	扇贝	3
病	饼	3
烦	饭	3
及时	即使	3
汗	喊	3
几度	嫉妒	3
话	画	3
凹	奥	3
岗	刚	3
截	接	3
夫妻	服气	3
暗	按	3
刮	挂	3
有	优	3
涂	土	3
妻	起	3
后	厚	3
一步	一部	3
青	请	3
尽兴	进行	3
氛围	分为	3
休闲	修仙	3
流言	留言	3
卿	请	3
馍	沫	3
澡	早	3
拖	脱	3
缝	疯	3
添	天	3
主	住	3
仲	中	3
口	扣	3
换了	欢乐	3
嘉	家	3
肥	费	3
太远	太原	3
转机	专辑	3
发声	发生	3
留	流	3
而	儿	3
北魏	卑微	3
直	侄	3
迷之	蜜汁	3
见	间	3
人为	认为	3
福	服	3
赶到	感到	3
吃的	吃得	3
捂	五	3
蒜	算	3
各个	哥哥	3
眼中	严重	3
间	件	3
洞	懂	3
吓得	下的	3
君	俊	3
弹	但	3
旧	久	3
黑	嘿	3
吾	五	3
蠢	纯	3
咋	咱	3
瞅	丑	3
青春	清纯	3
闺密	闺蜜	3
咸	闲	3
哇噻	哇塞	3
欧	偶	3
申	深	3
移	一	3
奏	走	3
院	员	3
届	界	3
妥	脱	3
掰	白	3
把	八	3
星	型	3
笑了	小了	3
诚实	城市	3
不晚	不完	3
衣架	一家	3
哥	各	3
入味	入围	3
哪家	那家	3
哇哇	娃娃	3
唱	常	3
力	利	3
涂	图	3
席	嘻	3
纯色	唇色	3
笋	孙	3
弦	线	3
是	实	3
思念	四年	3
那是	那时	3
圆形	原型	3
圣	省	3
修养	休养	3
除了	出了	3
版	般	3
坚果	见过	3
型号	幸好	3
雄	胸	3
城里	成立	3
基于	给予	3
声明	生命	3
里	离	3
宇	鱼	3
仇	丑	3
点心	电信	3
芬	分	3
大咖	打卡	3
一齐	一起	3
棒	帮	3
富	夫	3
或	货	3
透	偷	3
钓	掉	3
大雪	大学	3
韩	喊	3
噜	路	3
天梯	天体	3
游泳	有用	3
友	又	3
爱	哎	3
箩	萝	3
梨	里	3
晓	小	3
原音	原因	3
安	俺	3
水饺	睡觉	3
杨	样	3
住	主	3
影像	影响	3
耗电	好点	3
火	或	3
同	痛	3
宫	公	3
花	化	3
佳	家	3
兴	星	3
牛	妞	3
衷心	中心	3
瓶	平	3
玩了	完了	3
应	赢	3
状	装	3
短了	断了	3
货	或	3
醒了	行了	3
岂	起	3
崴	歪	3
雨	于	3
简	见	3
噻	塞	3
手	收	3
常	唱	3
晃	黄	3
半	版	3
套	桃	3
珠	主	3
出	除	3
弦	先	3
拐	怪	3
羊	杨	3
彤	同	3
啤	皮	3
收	手	3
北	背	3
星星	行星	3
怀	坏	3
就	纠	3
亮	凉	3
会打	回答	3
揪	就	3
感	敢	3
好友	好有	3
感情	敢情	3
安	按	3
愿	原	3
懂	东	3
戏剧	喜剧	3
一手	一首	3
陷	现	3
活	火	3
园艺	愿意	3
找人	招人	3
奇	其	3
秃	吐	3
理	李	3
大蒜	打算	3
忍	认	3
厅	听	3
连	联	3
试点	十点	3
保	报	3
我倒	我到	3
意	以	3
做的	做得	3
松	送	3
秒	喵	3
客	可	3
我妈	我吗	3
娜	那	3
度数	读书	3
粮	两	3
车	扯	3
感	干	3
数	属	3
爱国	爱过	3
昨夜	作业	3
写字	鞋子	3
智齿	支持	3
洋	养	3
灌	关	3
装	妆	3
景	精	3
留了	溜了	3
利	理	3
抛	跑	3
负	服	3
两	量	3
论	伦	3
赔	陪	3
柱子	竹子	3
还	害	3
城	程	3
朵	多	3
钓	调	3
截	姐	3
手势	收拾	3
优势	又是	3
扶	服	3
福	复	3
格	哥	3
拜	白	3
盖	该	3
掀	先	3
大	达	3
杠	刚	3
斜	写	3
时而	十二	3
不解	不接	3
较	脚	3
凉了	亮了	3
赣	甘	3
童	同	3
院	元	3
继	几	3
陪	配	3
实用	使用	3
作为	座位	3
死	斯	3
有	友	3
就	酒	3
剪	间	3
染	然	3
栋	懂	3
桐	同	3
棉	面	3
在	载	3
事物	食物	3
五	午	3
薄	包	3
界	姐	3
后	候	3
沾	站	3
汇	回	3
湖	呼	3
潮	超	3
点	殿	3
点映	电影	3
蒙	萌	3
克服	客服	3
牵	前	3
犹	有	3
园	远	3
琼	穷	3
电器	电气	3
留意	六一	3
硬	影	3
飞	菲	3
阳	洋	3
录	路	3
线	限	3
骑士	其实	3
肺	非	3
真实的	真是的	3
钱	千	3
硬	英	3
磅	帮	3
边	便	3
贺	河	3
立	李	3
私	斯	3
一幅	一副	3
见于	建于	3
一部	一步	3
见	建	3
同年	童年	3
包	宝	3
精度	京都	3
禁	进	3
指	之	3
侯	后	3
老爷	姥爷	3
蔡	才	3
化	话	3
没过	美国	3
被我	被窝	3
背面	北面	3
结识	解释	3
美	每	3
收	首	3
舒	书	3
节俭	借鉴	3
及	几	3
虎	胡	3
生	省	3
仪	一	3
袁	愿	3
打败	大白	3
金	近	3
澜	兰	3
赤	吃	3
落户	罗湖	3
改	盖	3
地狱	地域	3
身	神	3
过渡	过度	3
近日	今日	3
五	物	3
受	首	3
邮电	有点	3
可疑	可以	3
帮	棒	3
进	斤	3
壁	比	3
通通	统统	3
湖	胡	3
尔	二	3
束缚	舒服	3
人士	认识	3
汉字	汉子	3
郑	正	3
腹	福	3
皆	姐	3
证	正	3
防守	放手	3
除	初	3
差	岔	3
飞	非	3
鱼	于	3
一类	异类	3
即兴	记性	3
复制	肤质	3
推出	退出	3
机制	机智	3
组件	组建	3
万份	万分	3
收购	受够	3
供	共	3
授	首	3
舰	建	3
角	脚	3
谷	古	3
辖	下	3
不时	不是	3
舜	顺	3
务	武	3
中子	种子	3
与	余	3
阁	个	3
铎	多	3
世卫	市委	3
国	锅	3
学界	学姐	3
公元	公园	3
瓯	欧	3
徽	会	3
两	梁	3
性	型	3
身分	身份	3
政	正	3
洞	东	3
为	唯	3
叉	差	3
孤立	鼓励	3
解构	结构	3
之	知	3
译为	以为	3
及	级	3
亦即	以及	3
寿	手	3
抽	丑	3
司	四	3
姆	木	3
石油	是有	3
东	洞	3
受	手	3
汇编	会变	3
孝	小	3
代	戴	3
玛	马	3
珊	山	3
以期	一起	3
监测	检测	3
摆脱	拜托	3
关	官	3
池	吃	3
之	制	3
位	喂	3
角	叫	3
及	机	3
键	建	3
墨	莫	3
碱	建	3
供	公	3
依据	一句	3
俘获	复活	3
著	着	3
覆盖	复盖	3
上尉	尚未	3
俊	郡	3
捕	不	3
莉	里	3
公园	公元	3
此战	此站	3
良	梁	3
全长	全场	3
均	君	3
起始	其实	3
其间	期间	3
冈	刚	3
淀	点	3
总队	纵队	3
贡	公	3
程	成	3
利	李	3
里亚	利亚	3
浦	普	3
加之	价值	3
仑	伦	3
样式	央视	3
北上	悲伤	3
试验	实验	3
首	受	3
南海	男孩	3
即	几	3
趋势	去世	3
历	李	3
及	即	3
性	星	3
委	为	3
本	奔	3
古	谷	3
古称	古城	3
另	零	3
院	园	3
表格	表哥	3
庭	听	3
马	玛	3
司	斯	3
复合	符合	3
条例	调理	3
奉	风	3
来	莱	3
夺得	多的	3
高压	高雅	3
仪器	一起	3
湘	想	3
饱受	保守	3
浸	进	3
现	县	3
坦	谈	3
基	吉	3
堂	糖	3
塞	赛	3
姓氏	形式	3
大队	答对	3
宋	松	3
旨	只	3
柯	科	3
制	之	3
十大	是大	3
接口	借口	3
迁往	前往	3
十二	事儿	3
巴	把	3
里	黎	3
伊	以	3
帧	真	3
火灾	活在	3
移交	一觉	3
第	低	3
灾	在	3
基线	极限	3
滇	点	3
弗	福	3
时	室	3
穆迪	目的	3
于	雨	3
侵蚀	寝室	3
研制	颜值	3
器	起	3
视野	事业	3
以	亦	3
扬	杨	3
拥护	用户	3
授	瘦	3
接着	接著	3
中	忠	3
制定	指定	3
赖	莱	3
木	姆	3
裔	以	3
犬	全	3
认为	人为	3
本集	本季	3
柱	住	3
杜	度	3
柯	克	3
梁	两	3
邻近	临近	3
此时	次是	3
登记	等级	3
词	此	3
清	青	3
纲	刚	3
犯	翻	3
等	灯	3
科	柯	3
舰只	简直	3
艘	搜	3
辽	聊	3
隶	李	3
