1791497193.693064000	2181	18794608
1791497194.283782000	2181	34032040
1791497194.863637000	2181	47843800
1791497195.443998000	2181	49039832
1791497196.021357000	2181	49088984
1791497196.597016000	2181	49039832
1791497197.174698000	2181	49039832
1791497197.752160000	2181	49039832
1791497198.332184000	2181	49039832
1791497198.913427000	2181	49023448
1791497199.494131000	2181	48957912
1791497200.070922000	2181	48908760
1791497200.654230000	2181	48892376
1791497201.233740000	2181	50072024
1791497201.802263000	2181	50334168
1791497202.380430000	2181	50399704
1791497202.973433000	2181	55298520
1791497203.552078000	2181	55364056
1791497204.126596000	2181	55626224
1791497204.714994000	2181	55642608
1791497205.291378000	2181	55560688
1791497205.866183000	2181	55609840
1791497206.441530000	2181	55511536
1791497207.027020000	2181	55642608
1791497207.613437000	2181	55642608
1791497208.192379000	2181	55544304
1791497208.772849000	2181	55511536
1791497209.352410000	2181	55626224
1791497209.921693000	2181	55642608
1791497210.496105000	2181	55626224
1791497211.084296000	2181	55593456
1791497211.669174000	2181	55593456
1791497212.238632000	2181	55609840
1791497212.814637000	2181	55626224
1791497213.403205000	2181	55593456
1791497213.985171000	2181	55593456
1791497214.552797000	2181	55691760
1791497215.117191000	2181	55642608
1791497215.710759000	2181	55658992
1791497216.286215000	2181	55757296
1791497216.868123000	2181	55609840
1791497217.451247000	2181	55658992
1791497218.026002000	2181	55609840
1791497218.608860000	2181	55642608
1791497219.191392000	2181	55740912
1791497219.769963000	2181	55691760
1791497220.352740000	2181	55708144
1791497220.919534000	2181	55740912
1791497221.486700000	2181	55757296
1791497222.062750000	2181	55675376
1791497222.636016000	2181	55708144
1791497223.212881000	2181	55757296
1791497223.798692000	2181	55806448
1791497224.377090000	2181	55904752
1791497224.943936000	2181	55773680
1791497225.519503000	2181	55888368
1791497226.118060000	2181	55888368
1791497226.701539000	2181	55904752
1791497227.278462000	2181	55937520
1791497227.857045000	2181	55871984
1791497228.433856000	2181	55871984
1791497229.005644000	2181	55871984
1791497229.582898000	2181	55839216
1791497230.162906000	2181	55888368
1791497230.729395000	2181	55855600
1791497231.300430000	2181	55970288
1791497231.873933000	2181	55871984
1791497232.453136000	2181	55888368
1791497233.032580000	2181	55937520
1791497233.602233000	2181	56003056
1791497234.170638000	2181	56035824
1791497234.763739000	2181	55986672
1791497235.340094000	2181	56068592
1791497235.925437000	2181	55921136
1791497236.503550000	2181	55953904
1791497237.073784000	2181	55904752
1791497237.650361000	2181	55921136
1791497238.226579000	2181	56035824
1791497238.805973000	2181	56052208
1791497239.392537000	2181	56052208
1791497239.963792000	2181	56052208
1791497240.526736000	2181	55986672
1791497241.120183000	2181	55937520
1791497241.705698000	2181	55937520
1791497242.278818000	2181	55937520
1791497242.845185000	2181	55953904
1791497243.420098000	2181	56052208
1791497244.005609000	2181	56003056
1791497244.577937000	2181	56101360
1791497245.138856000	2181	55970288
1791497245.713286000	2181	55986672
1791497246.279676000	2181	56019440
1791497246.860004000	2181	55937520
1791497247.437586000	2181	56052208
1791497248.023553000	2181	56068592
1791497248.600942000	2181	56084976
1791497249.169046000	2181	55986672
1791497249.734266000	2181	56084976
1791497250.321688000	2181	56084976
1791497250.903293000	2181	56134128
1791497251.475926000	2181	56068592
1791497252.050212000	2181	56084976
1791497252.625118000	2181	56052208
1791497253.196499000	2181	56101360
1791497253.779850000	2181	56052208
1791497254.368002000	2181	56183280
1791497254.941386000	2181	56199664
1791497255.509559000	2181	56084976
1791497256.083616000	2181	56068592
1791497256.672725000	2181	56134128
1791497257.258502000	2181	56166896
1791497257.829475000	2181	56166896
1791497258.399740000	2181	56134128
1791497258.978939000	2181	56134128
1791497259.556960000	2181	56101360
1791497260.142361000	2181	56150512
1791497260.721539000	2181	56117744
1791497261.298370000	2181	56232432
1791497261.862059000	2181	56101360
1791497262.431303000	2181	56150512
1791497263.023728000	2181	56183280
1791497263.611481000	2181	56216048
1791497264.174653000	2181	56265200
1791497264.750638000	2181	56183280
1791497265.343281000	2181	56379888
1791497265.940987000	2181	56396272
1791497266.510289000	2181	56281584
1791497267.086797000	2181	56232432
1791497267.681617000	2181	56412656
1791497268.261631000	2181	56429040
1791497268.829638000	2181	56429040
1791497269.407511000	2181	56363504
1791497269.981175000	2181	56314352
1791497270.565003000	2181	56248816
1791497271.150035000	2181	56150512
1791497271.726666000	2181	56297968
1791497272.301104000	2181	56297968
1791497272.870887000	2181	56265200
1791497273.453106000	2181	56297968
1791497274.035026000	2181	56216048
1791497274.617491000	2181	56232432
1791497275.182897000	2181	56248816
1791497275.747912000	2181	56265200
1791497276.346487000	2181	56232432
1791497276.926629000	2181	56199664
1791497277.509086000	2181	56232432
1791497278.093584000	2181	56199664
1791497278.670113000	2181	56297968
1791497279.237364000	2181	56330736
1791497279.809965000	2181	56281584
1791497280.413103000	2181	56281584
1791497281.005823000	2181	56281584
1791497281.580733000	2181	56297968
1791497282.153192000	2181	56330736
1791497282.725876000	2181	56281584
1791497283.303866000	2181	56379888
1791497283.871980000	2181	56412656
1791497284.488376000	2181	56461808
1791497285.108845000	2181	56461808
1791497285.681155000	2181	56363504
1791497286.264830000	2181	56330736
1791497286.841257000	2181	56281584
1791497287.415568000	2181	56379888
1791497287.986773000	2181	56330736
1791497288.556976000	2181	56314352
1791497289.133629000	2181	56297968
1791497289.721871000	2181	56265200
1791497290.290076000	2181	56281584
1791497290.860359000	2181	56265200
1791497291.432814000	2181	56330736
1791497292.006948000	2181	56396272
1791497292.579420000	2181	56379888
1791497293.146960000	2181	56297968
1791497293.730334000	2181	56527344
1791497294.331328000	2181	56527344
1791497294.902227000	2181	56527344
1791497295.488648000	2181	56314352
1791497296.071376000	2181	56314352
1791497296.638147000	2181	56314352
1791497297.211809000	2181	56248816
1791497297.801285000	2181	56363504
1791497298.382975000	2181	56363504
1791497298.968193000	2181	56248816
1791497299.547155000	2181	56330736
1791497300.115489000	2181	56330736
1791497300.689902000	2181	56330736
1791497301.263591000	2181	56347120
1791497301.835540000	2181	56379888
1791497302.412102000	2181	56330736
1791497302.992244000	2181	56396272
1791497303.604523000	2181	56494576
1791497304.184309000	2181	64358896
1791497304.753158000	2181	64375280
1791497305.327824000	2181	64276976
1791497305.910683000	2181	64457200
1791497306.492798000	2181	64211440
1791497307.085986000	2181	64473584
1791497307.674187000	2181	64604656
1791497308.257211000	2181	64637424
1791497308.831476000	2181	64522736
1791497309.403987000	2181	64670192
1791497309.986553000	2181	64653808
1791497310.571947000	2181	64735728
1791497311.139169000	2181	64735728
1791497311.710401000	2181	64686576
1791497312.302978000	2181	64752112
1791497312.899957000	2181	64801264
1791497313.469326000	2181	64784880
1791497314.041952000	2181	64702960
1791497314.620440000	2181	64883184
1791497315.199810000	2181	64883184
1791497315.776260000	2181	64883184
1791497316.357495000	2181	64686576
1791497316.937979000	2181	64702960
1791497317.537697000	2181	64866800
1791497318.121524000	2181	64850416
1791497318.701870000	2181	64883184
1791497319.282869000	2181	64948720
1791497319.859938000	2181	64932336
1791497320.438998000	2181	65014256
1791497321.030790000	2181	64883184
1791497321.613093000	2181	64883184
1791497322.183547000	2181	64915952
1791497322.759601000	2181	64883184
1791497323.328457000	2181	64850416
1791497323.900019000	2181	64866800
1791497324.478683000	2181	64965104
1791497325.059099000	2181	64850416
1791497325.741160000	2181	64932336
1791497326.317939000	2181	64948720
1791497326.889797000	2181	64948720
1791497327.467669000	2181	64997872
1791497328.043631000	2181	64915952
1791497328.616626000	2181	64915952
1791497329.194693000	2181	65014256
1791497329.761363000	2181	64932336
1791497330.330479000	2181	64358896
1791497330.904362000	2181	64260592
1791497331.475424000	2181	64424432
1791497332.061642000	2181	64244208
1791497332.647967000	2181	64244208
1791497333.238326000	2181	64440816
1791497333.812219000	2181	64244208
1791497334.385041000	2181	64276976
1791497334.968500000	2181	64309744
1791497335.563038000	2181	64096752
1791497336.145254000	2181	64260592
1791497336.716458000	2181	64293360
1791497337.282965000	2181	64211440
1791497337.874833000	2181	64211440
1791497338.459686000	2181	64096752
1791497339.055278000	2181	64096752
1791497339.631815000	2181	64178672
1791497340.201792000	2181	64195056
1791497340.789207000	2181	64162288
1791497341.380351000	2181	64047600
1791497341.948968000	2181	64096752
1791497342.537201000	2181	64113136
1791497343.127931000	2181	64031216
1791497343.717011000	2181	64063984
1791497344.303172000	2181	64063984
1791497344.873306000	2181	64162288
1791497345.463009000	2181	64145904
1791497346.031633000	2181	64129520
1791497346.621430000	2181	64014832
1791497347.191258000	2181	64096752
1791497347.782708000	2181	64113136
1791497348.374321000	2181	64113136
1791497348.950935000	2181	64145904
1791497349.522035000	2181	64096752
1791497350.104619000	2181	64080368
1791497350.692188000	2181	64178672
1791497351.266061000	2181	64227824
1791497351.863001000	2181	64227824
1791497352.441921000	2181	64129520
1791497353.031804000	2181	64063984
1791497353.626128000	2181	64178672
1791497354.216391000	2181	64195056
1791497354.783478000	2181	64031216
1791497355.370940000	2181	64178672
1791497355.966424000	2181	64129520
1791497356.556500000	2181	64145904
1791497357.128494000	2181	64145904
1791497357.711254000	2181	64145904
1791497358.304770000	2181	64145904
1791497358.898705000	2181	64113136
1791497359.485179000	2181	64113136
1791497360.055249000	2181	64063984
1791497360.642455000	2181	64178672
1791497361.206703000	2181	64162288
1791497361.804545000	2181	64145904
1791497362.384446000	2181	64031216
1791497362.961190000	2181	64113136
1791497363.543709000	2181	64047600
1791497364.134784000	2181	64129520
1791497364.707620000	2181	64113136
1791497365.298361000	2181	64080368
1791497365.892336000	2181	64096752
1791497366.489772000	2181	64113136
1791497367.061205000	2181	64096752
1791497367.650593000	2181	64113136
1791497368.221816000	2181	64227824
1791497368.785829000	2181	64227824
1791497369.350690000	2181	64539120
1791497369.927342000	2181	64768496
1791497370.509993000	2181	64719344
1791497371.103345000	2181	65030640
1791497371.676641000	2181	65030640
1791497372.247032000	2181	64915952
1791497372.834945000	2181	64997872
1791497373.408824000	2181	64358896
1791497373.980149000	2181	64358896
1791497374.559952000	2181	64375280
1791497375.150446000	2181	64309744
1791497375.740080000	2181	64309744
1791497376.311320000	2181	64326128
1791497376.899901000	2181	64604656
1791497377.480875000	2181	64621040
1791497378.050648000	2181	64686576
1791497378.628034000	2181	64571888
1791497379.203055000	2181	64768496
1791497379.766316000	2181	64784880
1791497380.361486000	2181	64719344
1791497380.933084000	2181	64588272
1791497381.497610000	2181	64653808
1791497382.085747000	2181	64670192
1791497382.675720000	2181	64555504
1791497383.256337000	2181	64621040
1791497383.819043000	2181	64653808
1791497384.387420000	2181	64637424
1791497384.982027000	2181	64735728
1791497385.546048000	2181	64735728
1791497386.111499000	2181	64670192
1791497386.685194000	2181	64719344
1791497387.274874000	2181	64686576
1791497387.851901000	2181	64653808
1791497388.420678000	2181	64670192
1791497388.988055000	2181	64735728
1791497389.559946000	2181	64834032
1791497390.140273000	2181	64834032
1791497390.711085000	2181	64686576
1791497391.300196000	2181	64719344
1791497391.878603000	2181	64653808
1791497392.471647000	2181	64752112
1791497393.069735000	2181	64752112
1791497393.648807000	2181	64752112
1791497394.224092000	2181	64604656
1791497394.810504000	2181	64686576
1791497395.396403000	2181	64686576
1791497395.970168000	2181	64686576
1791497396.548940000	2181	64358896
1791497397.139085000	2181	64408048
1791497397.703087000	2181	64473584
1791497398.276454000	2181	64473584
1791497398.873553000	2181	64391664
1791497399.444422000	2181	64440816
1791497400.023856000	2181	64489968
1791497400.600485000	2181	64375280
1791497401.179382000	2181	64358896
1791497401.744713000	2181	64555504
1791497402.336042000	2181	64571888
1791497402.910592000	2181	64375280
1791497403.480924000	2181	64424432
1791497404.045140000	2181	64440816
1791497404.616220000	2181	64440816
1791497405.205642000	2181	64440816
1791497405.781476000	2181	64375280
1791497406.360365000	2181	64408048
1791497406.958659000	2181	64473584
1791497407.583150000	2181	64440816
1791497408.158010000	2181	64424432
1791497408.753845000	2181	64391664
1791497409.339151000	2181	64358896
1791497409.903525000	2181	64375280
1791497410.478132000	2181	64473584
1791497411.055925000	2181	64588272
1791497411.623165000	2181	64588272
1791497412.183371000	2181	64637424
1791497412.775056000	2181	64571888
1791497413.372933000	2181	64571888
1791497413.952543000	2181	64571888
1791497414.520668000	2181	64522736
1791497415.101337000	2181	64604656
1791497415.693321000	2181	64506352
1791497416.288119000	2181	64539120
1791497416.890385000	2181	64489968
1791497417.452746000	2181	64604656
1791497418.022885000	2181	64621040
1791497418.584530000	2181	64555504
1791497419.159816000	2181	64670192
1791497419.734822000	2181	64899568
1791497420.313453000	2181	64866800
1791497420.882582000	2181	64899568
1791497421.458426000	2181	64883184
1791497422.034693000	2181	64817648
1791497422.608538000	2181	64883184
1791497423.189138000	2181	64784880
1791497423.759529000	2181	64834032
1791497424.334593000	2181	64784880
1791497424.901328000	2181	64850416
1791497425.477008000	2181	64850416
1791497426.070163000	2181	64735728
1791497426.641434000	2181	64817648
1791497427.205860000	2181	64850416
1791497427.770847000	2181	64965104
1791497428.349824000	2181	64784880
1791497428.936110000	2181	64915952
1791497429.502665000	2181	64866800
1791497430.077558000	2181	64965104
1791497430.652156000	2181	64965104
1791497431.229399000	2181	64784880
1791497431.821500000	2181	65014256
1791497432.415155000	2181	64948720
1791497432.987078000	2181	64915952
1791497433.561019000	2181	64965104
1791497434.151630000	2181	64965104
1791497434.747125000	2181	64948720
1791497435.316301000	2181	65079792
1791497435.887988000	2181	64915952
1791497436.477600000	2181	64997872
1791497437.074472000	2181	64899568
1791497437.672920000	2181	65063408
1791497438.239588000	2181	64866800
1791497438.827690000	2181	64899568
1791497439.409937000	2181	65112560
1791497439.988070000	2181	64965104
1791497440.572828000	2181	64981488
1791497441.143323000	2181	64817648
1791497441.715313000	2181	64997872
1791497442.308941000	2181	64997872
1791497442.892410000	2181	64915952
1791497443.465944000	2181	64981488
1791497444.032779000	2181	64899568
1791497444.595412000	2181	64932336
1791497445.158785000	2181	64834032
1791497445.732562000	2181	64866800
1791497446.312056000	2181	64948720
1791497446.893927000	2181	64948720
1791497447.469833000	2181	64948720
1791497448.051322000	2181	64834032
1791497448.648547000	2181	64915952
1791497449.230666000	2181	64915952
1791497449.803665000	2181	64915952
1791497450.396898000	2181	64932336
1791497450.981200000	2181	64948720
1791497451.556318000	2181	64981488
1791497452.134415000	2181	64850416
1791497452.708364000	2181	64883184
1791497453.283219000	2181	64850416
1791497453.872765000	2181	64801264
1791497454.468706000	2181	64915952
1791497455.052626000	2181	64915952
1791497455.618386000	2181	64915952
1791497456.208185000	2181	64965104
1791497456.799821000	2181	64948720
1791497457.376040000	2181	64981488
1791497457.958309000	2181	64850416
1791497458.536587000	2181	64883184
1791497459.105969000	2181	64850416
1791497459.696050000	2181	64834032
1791497460.285596000	2181	64915952
1791497460.877895000	2181	64915952
1791497461.452112000	2181	64932336
1791497462.041283000	2181	64948720
1791497462.628509000	2181	64981488
1791497463.226931000	2181	64850416
1791497463.802481000	2181	64883184
1791497464.376331000	2181	64850416
1791497464.953900000	2181	64948720
1791497465.527071000	2181	64834032
1791497466.109240000	2181	65260016
1791497466.695158000	2181	64932336
1791497467.286491000	2181	64965104
1791497467.860138000	2181	64948720
1791497468.434473000	2181	64965104
1791497469.020836000	2181	64965104
1791497469.592190000	2181	64932336
1791497470.182919000	2181	64932336
1791497470.775915000	2181	65030640
1791497471.374379000	2181	65030640
1791497471.946460000	2181	64932336
1791497472.534141000	2181	64997872
1791497473.115469000	2181	64997872
1791497473.708909000	2181	64965104
1791497474.283086000	2181	64948720
1791497474.875081000	2181	64948720
1791497475.465241000	2181	64948720
1791497476.039974000	2181	64948720
1791497476.615919000	2181	64915952
1791497477.196102000	2181	64932336
1791497477.785741000	2181	64899568
1791497478.368726000	2181	64932336
1791497478.948023000	2181	64899568
1791497479.526189000	2181	65014256
1791497480.117141000	2181	64801264
1791497480.702565000	2181	64883184
1791497481.275952000	2181	64834032
1791497481.846653000	2181	64784880
1791497482.416757000	2181	64834032
1791497482.992066000	2181	64834032
1791497483.563061000	2181	64834032
1791497484.125256000	2181	64784880
1791497484.704491000	2181	64834032
1791497485.276108000	2181	64883184
1791497485.841589000	2181	64817648
1791497486.415810000	2181	64932336
1791497486.995104000	2181	64965104
1791497487.567297000	2181	64997872
1791497488.167478000	2181	64915952
1791497488.747778000	2181	64801264
1791497489.341520000	2181	64834032
1791497489.910607000	2181	64899568
1791497490.481191000	2181	64899568
1791497491.058826000	2181	64915952
1791497491.645773000	2181	64866800
1791497492.237380000	2181	64866800
1791497492.805675000	2181	64866800
1791497493.380070000	2181	64850416
1791497493.966660000	2181	64899568
1791497494.549255000	2181	64817648
1791497495.114863000	2181	64817648
1791497495.684128000	2181	64801264
1791497496.257465000	2181	64850416
1791497496.852619000	2181	64915952
1791497497.427394000	2181	64915952
1791497498.005091000	2181	64834032
1791497498.590650000	2181	64932336
1791497499.168134000	2181	64784880
1791497499.771535000	2181	64817648
1791497500.336127000	2181	64768496
1791497500.912653000	2181	64883184
1791497501.482651000	2181	64915952
1791497502.047245000	2181	64915952
1791497502.627198000	2181	65047024
1791497503.206350000	2181	65079792
1791497503.812185000	2181	66144752
1791497504.392384000	2181	66505200
1791497504.982754000	2181	66456048
1791497505.556203000	2181	66423280
1791497506.135677000	2181	66570736
1791497506.713174000	2181	66554352
1791497507.308297000	2181	66554352
1791497507.899702000	2181	66488816
1791497508.490653000	2181	66537968
1791497509.068247000	2181	66603504
1791497509.649398000	2181	66472432
1791497510.223885000	2181	66472432
1791497510.811030000	2181	66488816
1791497511.382840000	2181	66488816
1791497511.947573000	2181	66423280
1791497512.515099000	2181	66505200
1791497513.082918000	2181	66570736
1791497513.655704000	2181	66570736
1791497514.230991000	2181	66439664
1791497514.809546000	2181	66472432
1791497515.394161000	2181	66406896
1791497515.984462000	2181	66013680
1791497516.560709000	2181	65980912
1791497517.152545000	2181	66013680
1791497517.819737000	2181	65964528
1791497518.394835000	2181	66046448
1791497518.997372000	2181	65931760
1791497519.559347000	2181	66030064
1791497520.144373000	2181	66030064
1791497520.721001000	2181	66243056
1791497521.314333000	2181	66161136
1791497521.899837000	2181	66161136
1791497522.474062000	2181	66161136
1791497523.036238000	2181	66210288
1791497523.626988000	2181	66259440
1791497524.209975000	2181	66259440
1791497524.794726000	2181	66554352
1791497525.387855000	2181	66587120
1791497525.961752000	2181	66488816
1791497526.555226000	2181	66636272
1791497527.134233000	2181	66685424
1791497527.724672000	2181	66636272
1791497528.309097000	2181	66226672
1791497528.880955000	2181	66226672
1791497529.458378000	2181	66292208
1791497530.043036000	2181	66275824
1791497530.629478000	2181	66292208
1791497531.195237000	2181	66275824
1791497531.783434000	2181	66275824
1791497532.360397000	2181	66243056
1791497532.941904000	2181	66243056
1791497533.515779000	2181	66341360
1791497534.110724000	2181	66226672
1791497534.688274000	2181	66308592
1791497535.270944000	2181	66341360
1791497535.853031000	2181	66374128
1791497536.444804000	2181	66357744
1791497537.022736000	2181	66439664
1791497537.601537000	2181	66390512
1791497538.191498000	2181	66423280
1791497538.781292000	2181	66456048
1791497539.372676000	2181	66423280
1791497539.954878000	2181	66374128
1791497540.558725000	2181	66570736
1791497541.141724000	2181	66374128
1791497541.733704000	2181	66406896
1791497542.305532000	2181	66259440
1791497542.883353000	2181	66390512
1791497543.461060000	2181	66275824
1791497544.039259000	2181	66374128
1791497544.628297000	2181	66374128
1791497545.195569000	2181	66341360
1791497545.782412000	2181	66292208
1791497546.372656000	2181	66341360
1791497546.953372000	2181	66341360
1791497547.533071000	2181	66341360
1791497548.124992000	2181	66439664
1791497548.724948000	2181	66439664
1791497549.301814000	2181	66374128
1791497549.876692000	2181	66439664
1791497550.458626000	2181	66374128
1791497551.042496000	2181	66554352
1791497551.615153000	2181	66554352
1791497552.205894000	2181	66505200
1791497552.786742000	2181	66521584
1791497553.384063000	2181	66324976
1791497553.974578000	2181	66341360
1791497554.548919000	2181	66243056
1791497555.117335000	2181	66374128
1791497555.702176000	2181	66226672
1791497556.296461000	2181	65751536
1791497556.888151000	2181	65800688
1791497557.459094000	2181	65784304
1791497558.042521000	2181	65702384
1791497558.626640000	2181	65653232
1791497559.223063000	2181	65636848
1791497559.790100000	2181	65604080
1791497560.374703000	2181	65686000
1791497560.962883000	2181	65718768
1791497561.556695000	2181	65571312
1791497562.138215000	2181	65686000
1791497562.708013000	2181	65702384
1791497563.286192000	2181	65702384
1791497563.873554000	2181	65702384
1791497564.453053000	2181	65686000
1791497565.026722000	2181	65686000
1791497565.614285000	2181	65686000
1791497566.197751000	2181	65718768
1791497566.770804000	2181	65735152
1791497567.350548000	2181	65686000
1791497567.952875000	2181	65800688
1791497568.547623000	2181	65800688
1791497569.145910000	2181	65653232
1791497569.722758000	2181	65718768
1791497570.293238000	2181	65735152
1791497570.887080000	2181	65735152
1791497571.455547000	2181	65620464
1791497572.031414000	2181	65686000
1791497572.612010000	2181	65833456
1791497573.193653000	2181	65882608
1791497573.773049000	2181	65931760
1791497574.349884000	2181	65931760
1791497574.933937000	2181	65849840
1791497575.514651000	2181	65849840
1791497576.090720000	2181	65849840
1791497576.678521000	2181	65866224
1791497577.254690000	2181	65898992
1791497577.832506000	2181	65997296
1791497578.423177000	2181	65997296
1791497578.995599000	2181	65849840
1791497579.585885000	2181	65800688
1791497580.185056000	2181	65915376
1791497580.789007000	2181	65915376
1791497581.371764000	2181	65915376
1791497581.948291000	2181	65800688
1791497582.539527000	2181	65931760
1791497583.128632000	2181	65898992
1791497583.721986000	2181	65915376
1791497584.286429000	2181	65833456
1791497584.870834000	2181	65849840
1791497585.458582000	2181	65915376
1791497586.054471000	2181	65915376
1791497586.640667000	2181	65800688
1791497587.215120000	2181	65915376
1791497587.792889000	2181	65915376
1791497588.374076000	2181	65882608
1791497588.962005000	2181	65849840
1791497589.556542000	2181	65849840
1791497590.137924000	2181	65948144
1791497590.721152000	2181	65948144
1791497591.301552000	2181	65948144
1791497591.879389000	2181	65866224
1791497592.468134000	2181	65964528
1791497593.046269000	2181	65964528
1791497593.641733000	2181	65817072
1791497594.230688000	2181	65849840
1791497594.798636000	2181	65767920
1791497595.386852000	2181	65784304
1791497595.969991000	2181	65849840
1791497596.561530000	2181	65882608
1791497597.135204000	2181	65882608
1791497597.705249000	2181	65833456
1791497598.270748000	2181	65915376
1791497598.843670000	2181	65866224
1791497599.412013000	2181	65833456
1791497599.981776000	2181	65833456
1791497600.550869000	2181	65800688
1791497601.147498000	2181	65833456
1791497601.724349000	2181	65849840
