1791497644.389856000	21053	1803728
1791497644.962194000	21053	26724680
1791497645.539203000	21053	38390160
1791497646.138271000	21053	47335824
1791497646.722512000	21053	47810960
1791497647.353072000	21053	47843728
1791497647.947983000	21053	47843728
1791497648.536571000	21053	47843728
1791497649.137416000	21053	47843728
1791497649.717824000	21053	47794576
1791497650.302022000	21053	47712656
1791497651.026549000	21053	47647120
1791497651.617061000	21053	49744272
1791497652.212758000	21053	51693968
1791497652.797019000	21053	52578704
1791497653.393671000	21053	52758928
1791497653.978396000	21053	57674152
1791497654.553476000	21053	57756072
1791497655.145752000	21053	57870760
1791497655.738630000	21053	57837992
1791497656.339208000	21053	57837992
1791497656.917418000	21053	57887144
1791497657.506101000	21053	57969064
1791497658.097993000	21053	57952680
1791497658.695107000	21053	57854376
1791497659.293917000	21053	57952680
1791497659.868843000	21053	57903528
1791497660.442994000	21053	58214824
1791497661.032842000	21053	58100136
1791497661.622326000	21053	58182056
1791497662.197298000	21053	58182056
1791497662.772830000	21053	58182056
1791497663.361403000	21053	58198440
1791497663.953802000	21053	58198440
1791497664.538614000	21053	58182056
1791497665.112994000	21053	58165672
1791497665.701233000	21053	58263976
1791497666.291402000	21053	58263976
1791497666.888386000	21053	58198440
1791497667.484859000	21053	58280360
1791497668.069258000	21053	58182056
1791497668.652316000	21053	58247592
1791497669.243598000	21053	58280360
1791497669.837519000	21053	58198440
1791497670.413442000	21053	58280360
1791497670.990302000	21053	58214824
1791497671.564198000	21053	58198440
1791497672.154741000	21053	58411432
1791497672.747928000	21053	58411432
1791497673.337276000	21053	58329512
1791497673.908940000	21053	58362280
1791497674.496776000	21053	58444200
1791497675.069439000	21053	58542504
1791497675.640714000	21053	58657192
1791497676.220911000	21053	58739112
1791497676.801814000	21053	58739112
1791497677.391268000	21053	58755496
1791497677.987290000	21053	58771880
1791497678.594850000	21053	58788264
1791497679.159605000	21053	58788264
1791497679.748747000	21053	58739112
1791497680.346926000	21053	58689960
1791497680.933267000	21053	58739112
1791497681.496953000	21053	58739112
1791497682.079180000	21053	58837416
1791497682.655693000	21053	58755496
1791497683.241966000	21053	58575272
1791497683.830069000	21053	58591656
1791497684.419304000	21053	58624424
1791497684.993646000	21053	58657192
1791497685.566049000	21053	58657192
1791497686.159430000	21053	58706344
1791497686.759640000	21053	58575272
1791497687.342667000	21053	58608040
1791497687.943865000	21053	58509736
1791497688.524842000	21053	58640808
1791497689.108938000	21053	58509736
1791497689.694774000	21053	58624424
1791497690.293301000	21053	58624424
1791497690.881506000	21053	58575272
1791497691.469982000	21053	58624424
1791497692.034595000	21053	58624424
1791497692.626917000	21053	58624424
1791497693.226882000	21053	58640808
1791497693.798088000	21053	58673576
1791497694.372188000	21053	59967912
1791497694.946187000	21053	60098984
1791497695.520209000	21053	60197288
1791497696.088659000	21053	60410280
1791497696.659486000	21053	60721576
1791497697.239473000	21053	60590504
1791497697.809966000	21053	60688808
1791497698.394630000	21053	61147560
1791497698.973171000	21053	61196712
1791497699.551882000	21053	61245864
1791497700.126860000	21053	61229480
1791497700.705087000	21053	61393320
1791497701.300313000	21053	61409704
1791497701.900353000	21053	61458856
1791497702.486041000	21053	61475240
1791497703.062290000	21053	61442472
1791497703.627998000	21053	61442472
1791497704.217095000	21053	61475240
1791497704.789180000	21053	61475240
1791497705.382976000	21053	61606312
1791497705.962013000	21053	61655464
1791497706.553243000	21053	61573544
1791497707.155619000	21053	61524392
1791497707.750301000	21053	61573544
1791497708.323955000	21053	61606312
1791497708.902755000	21053	61622696
1791497709.492767000	21053	61655464
1791497710.074375000	21053	61606312
1791497710.673291000	21053	61573544
1791497711.266241000	21053	61622696
1791497711.839774000	21053	61606312
1791497712.431418000	21053	61655464
1791497713.023980000	21053	61721000
1791497713.630415000	21053	61688232
1791497714.194326000	21053	61721000
1791497714.775199000	21053	61458856
1791497715.358357000	21053	61491624
1791497715.948109000	21053	61491624
1791497716.519379000	21053	61540776
1791497717.092677000	21053	61589928
1791497717.681725000	21053	61475240
1791497718.272302000	21053	61458856
1791497718.871895000	21053	61573544
1791497719.446523000	21053	61639080
1791497720.025060000	21053	61671848
1791497720.597829000	21053	61540776
1791497721.196405000	21053	61409704
1791497721.795528000	21053	61458856
1791497722.362252000	21053	61393320
1791497722.937551000	21053	61573544
1791497723.518222000	21053	61540776
1791497724.092898000	21053	61491624
1791497724.692965000	21053	61573544
1791497725.267375000	21053	61491624
1791497725.854354000	21053	61524392
1791497726.444601000	21053	61524392
1791497727.040460000	21053	61557160
1791497727.636307000	21053	61573544
1791497728.212068000	21053	61491624
1791497728.796075000	21053	61540776
1791497729.378776000	21053	61573544
1791497729.964290000	21053	61573544
1791497730.566378000	21053	61458856
1791497731.147396000	21053	61540776
1791497731.743349000	21053	61557160
1791497732.311249000	21053	61540776
1791497732.918814000	21053	61557160
1791497733.494420000	21053	61589928
1791497734.075408000	21053	61540776
1791497734.668748000	21053	61606312
1791497735.263750000	21053	61655464
1791497735.829162000	21053	61557160
1791497736.436491000	21053	61589928
1791497737.014025000	21053	61458856
1791497737.604987000	21053	61540776
1791497738.197503000	21053	61524392
1791497738.782866000	21053	61557160
1791497739.353473000	21053	61557160
1791497739.924665000	21053	61573544
1791497740.512467000	21053	61557160
1791497741.082769000	21053	61589928
1791497741.673583000	21053	61540776
1791497742.246993000	21053	61540776
1791497742.834670000	21053	61589928
1791497743.428855000	21053	61573544
1791497744.021925000	21053	61622696
1791497744.594377000	21053	61589928
1791497745.180577000	21053	61770152
1791497745.769164000	21053	61770152
1791497746.357543000	21053	61524392
1791497746.946239000	21053	61622696
1791497747.518968000	21053	61491624
1791497748.107764000	21053	61458856
1791497748.695313000	21053	61573544
1791497749.290095000	21053	61573544
1791497749.864806000	21053	61458856
1791497750.448409000	21053	61557160
1791497751.026753000	21053	61540776
1791497751.618348000	21053	61540776
1791497752.189457000	21053	61557160
1791497752.789872000	21053	61622696
1791497753.362988000	21053	61639080
1791497753.929133000	21053	61622696
1791497754.500848000	21053	61671848
1791497755.080899000	21053	61606312
1791497755.664939000	21053	61606312
1791497756.249562000	21053	61704616
1791497756.841281000	21053	61573544
1791497757.441801000	21053	61589928
1791497758.021588000	21053	61491624
1791497758.605764000	21053	61622696
1791497759.198190000	21053	61491624
1791497759.774776000	21053	61573544
1791497760.386924000	21053	61573544
1791497760.963318000	21053	61557160
1791497761.549161000	21053	61589928
1791497762.142220000	21053	61557160
1791497762.715611000	21053	61557160
1791497763.285458000	21053	61049256
1791497763.874901000	21053	61049256
1791497764.469903000	21053	61098408
1791497765.066616000	21053	61065640
1791497765.646740000	21053	61163944
1791497766.240313000	21053	61245864
1791497766.834791000	21053	61032872
1791497767.416766000	21053	61065640
1791497768.089228000	21053	60983720
1791497768.719710000	21053	61098408
1791497769.317991000	21053	60967336
1791497770.015362000	21053	61065640
1791497770.626742000	21053	62278056
1791497771.215658000	21053	62491048
1791497771.829691000	21053	62491048
1791497772.432157000	21053	62491048
1791497773.011950000	21053	62540200
1791497773.588014000	21053	62523816
1791497774.178230000	21053	62507432
1791497774.755709000	21053	62540200
1791497775.337982000	21053	62491048
1791497775.958720000	21053	62589352
1791497776.574138000	21053	62409128
1791497777.171845000	21053	62556584
1791497777.769535000	21053	62441896
1791497778.372114000	21053	62540200
1791497778.969223000	21053	62523816
1791497779.549635000	21053	62507432
1791497780.134786000	21053	62523816
1791497780.723502000	21053	62638504
1791497781.314645000	21053	62572968
1791497781.907409000	21053	62622120
1791497782.486480000	21053	62589352
1791497783.056074000	21053	62704040
1791497783.655384000	21053	62753192
1791497784.246631000	21053	62556584
1791497784.827430000	21053	62687656
1791497785.426682000	21053	62556584
1791497786.055335000	21053	62605736
1791497786.630726000	21053	62671272
1791497787.218910000	21053	62572968
1791497787.791750000	21053	62654888
1791497788.410948000	21053	62671272
1791497789.024489000	21053	62851496
1791497789.632266000	21053	62851496
1791497790.214598000	21053	62736808
1791497790.795367000	21053	62736808
1791497791.374048000	21053	62867880
1791497791.953734000	21053	62949800
1791497792.543359000	21053	62966184
1791497793.124561000	21053	62785960
1791497793.709725000	21053	62867880
1791497794.284771000	21053	62867880
1791497794.874994000	21053	62900648
1791497795.456420000	21053	62835112
1791497796.023821000	21053	62867880
1791497796.641836000	21053	62982568
1791497797.468853000	21053	63375784
1791497798.082909000	21053	63523240
1791497798.719851000	21053	63506856
1791497799.320856000	21053	63343016
1791497799.917264000	21053	63474088
1791497800.525238000	21053	63474088
1791497801.111361000	21053	63474088
1791497801.702731000	21053	63506856
1791497802.290287000	21053	63490472
1791497802.861050000	21053	63490472
1791497803.452251000	21053	63588776
1791497804.061379000	21053	63703464
1791497804.672802000	21053	63752616
1791497805.258404000	21053	63654312
1791497805.837512000	21053	63719848
1791497806.425149000	21053	63572392
1791497807.022133000	21053	63670696
1791497807.641322000	21053	63523240
1791497808.220531000	21053	63637928
1791497808.808190000	21053	63637928
1791497809.386269000	21053	63605160
1791497809.965633000	21053	63637928
1791497810.557661000	21053	63637928
1791497811.155727000	21053	63637928
1791497811.749170000	21053	63637928
1791497812.335817000	21053	63605160
1791497812.962701000	21053	63637928
1791497813.534473000	21053	63621544
1791497814.124990000	21053	63719848
1791497814.744613000	21053	62753192
1791497815.325348000	21053	62769576
1791497815.907565000	21053	62654888
1791497816.494794000	21053	62720424
1791497817.075987000	21053	62671272
1791497817.662486000	21053	62753192
1791497818.227558000	21053	62687656
1791497818.822116000	21053	62704040
1791497819.397516000	21053	62704040
1791497820.030565000	21053	62753192
1791497820.656885000	21053	62835112
1791497821.291752000	21053	62835112
1791497821.918286000	21053	62785960
1791497822.522035000	21053	62884264
1791497823.125965000	21053	62884264
1791497823.739190000	21053	62736808
1791497824.332242000	21053	62769576
1791497824.907262000	21053	62704040
1791497825.502491000	21053	62802344
1791497826.079366000	21053	62638504
1791497826.656575000	21053	62704040
1791497827.233303000	21053	62769576
1791497827.810281000	21053	62785960
1791497828.399817000	21053	62802344
1791497828.989200000	21053	62785960
1791497829.576141000	21053	62785960
1791497830.157389000	21053	62753192
1791497830.733414000	21053	62769576
1791497831.313223000	21053	62851496
1791497831.893815000	21053	62785960
1791497832.476536000	21053	62835112
1791497833.052333000	21053	62900648
1791497833.641546000	21053	62900648
1791497834.204051000	21053	62966184
1791497834.794184000	21053	62966184
1791497835.392759000	21053	62769576
1791497835.975312000	21053	62802344
1791497836.556376000	21053	62753192
1791497837.146505000	21053	62753192
1791497837.717976000	21053	62835112
1791497838.290749000	21053	62867880
1791497838.872699000	21053	62884264
1791497839.462769000	21053	62867880
1791497840.055405000	21053	62867880
1791497840.621035000	21053	62818728
1791497841.192832000	21053	62835112
1791497841.778889000	21053	62835112
1791497842.370466000	21053	62835112
1791497842.952118000	21053	62900648
1791497843.556878000	21053	62982568
1791497844.120464000	21053	62917032
1791497844.710107000	21053	63015336
1791497845.298164000	21053	62867880
1791497845.886458000	21053	62867880
1791497846.476581000	21053	62785960
1791497847.050927000	21053	62917032
1791497847.628720000	21053	62917032
1791497848.216998000	21053	62917032
1791497848.800087000	21053	62704040
1791497849.384384000	21053	62802344
1791497849.960394000	21053	62802344
1791497850.551375000	21053	62818728
1791497851.133251000	21053	62884264
1791497851.729790000	21053	62851496
1791497852.301001000	21053	62900648
1791497852.870639000	21053	62998952
1791497853.441663000	21053	63015336
1791497854.037450000	21053	62933416
1791497854.630917000	21053	62982568
1791497855.213087000	21053	62933416
1791497855.801979000	21053	63048104
1791497856.375921000	21053	62884264
1791497856.965537000	21053	62998952
1791497857.562520000	21053	63080872
1791497858.149563000	21053	62933416
1791497858.725870000	21053	62949800
1791497859.306244000	21053	62966184
1791497859.890938000	21053	62982568
1791497860.493651000	21053	62982568
1791497861.069473000	21053	62917032
1791497861.656708000	21053	62949800
1791497862.247254000	21053	62966184
1791497862.843606000	21053	62966184
1791497863.418824000	21053	62949800
1791497864.012616000	21053	62949800
1791497864.580541000	21053	62884264
1791497865.150298000	21053	62900648
1791497865.744766000	21053	62998952
1791497866.316906000	21053	62998952
1791497866.884230000	21053	62998952
1791497867.466551000	21053	63031720
1791497868.038282000	21053	62966184
1791497868.632487000	21053	62966184
1791497869.198908000	21053	62966184
1791497869.783665000	21053	62982568
1791497870.376903000	21053	62982568
1791497870.951203000	21053	62867880
1791497871.524873000	21053	62917032
1791497872.100660000	21053	63261096
1791497872.679935000	21053	63424936
1791497873.257938000	21053	63474088
1791497873.837747000	21053	63424936
1791497874.436227000	21053	63490472
1791497875.009667000	21053	63490472
1791497875.596457000	21053	63441320
1791497876.181506000	21053	63441320
1791497876.756684000	21053	63474088
1791497877.327029000	21053	63523240
1791497877.923131000	21053	63539624
1791497878.504703000	21053	63441320
1791497879.096891000	21053	63424936
1791497879.696572000	21053	63506856
1791497880.276661000	21053	63523240
1791497880.854520000	21053	63572392
1791497881.441191000	21053	63523240
1791497882.032167000	21053	63539624
1791497882.626242000	21053	63572392
1791497883.218092000	21053	63588776
1791497883.792296000	21053	63490472
1791497884.371120000	21053	63539624
1791497884.958630000	21053	63605160
1791497885.549708000	21053	63605160
1791497886.125614000	21053	63490472
1791497886.700446000	21053	63556008
1791497887.288976000	21053	63605160
1791497887.882794000	21053	63637928
1791497888.483127000	21053	63670696
1791497889.057594000	21053	62982568
1791497889.646673000	21053	63064488
1791497890.230192000	21053	63113640
1791497890.824668000	21053	63113640
1791497891.392880000	21053	62982568
1791497891.980922000	21053	63048104
1791497892.561066000	21053	63080872
1791497893.152212000	21053	62933416
1791497893.726706000	21053	63048104
1791497894.306087000	21053	62998952
1791497894.877334000	21053	62982568
1791497895.462943000	21053	63031720
1791497896.058062000	21053	62867880
1791497896.641353000	21053	62998952
1791497897.217149000	21053	62884264
1791497897.801216000	21053	62966184
1791497898.393925000	21053	62982568
1791497898.986518000	21053	62998952
1791497899.560853000	21053	62982568
1791497900.154245000	21053	62982568
1791497900.741587000	21053	62884264
1791497901.331159000	21053	63031720
1791497901.924501000	21053	63048104
1791497902.492958000	21053	63048104
1791497903.067080000	21053	63048104
1791497903.654509000	21053	63015336
1791497904.241540000	21053	63015336
1791497904.835743000	21053	63015336
1791497905.407387000	21053	62998952
1791497905.996724000	21053	63031720
1791497906.588808000	21053	63048104
1791497907.171454000	21053	62949800
1791497907.771203000	21053	62982568
1791497908.344210000	21053	62917032
1791497908.917283000	21053	63048104
1791497909.487616000	21053	62900648
1791497910.067924000	21053	62998952
1791497910.642933000	21053	63031720
1791497911.211769000	21053	63064488
1791497911.785859000	21053	63080872
1791497912.358115000	21053	63064488
1791497912.930305000	21053	62966184
1791497913.515441000	21053	62998952
1791497914.111487000	21053	62949800
1791497914.684730000	21053	63064488
1791497915.259957000	21053	62933416
1791497915.830695000	21053	63031720
1791497916.427956000	21053	63048104
1791497917.004767000	21053	63048104
1791497917.591976000	21053	63080872
1791497918.186314000	21053	62966184
1791497918.779523000	21053	62998952
1791497919.375625000	21053	62949800
1791497919.950199000	21053	63064488
1791497920.515612000	21053	63064488
1791497921.103004000	21053	63048104
1791497921.691090000	21053	63015336
1791497922.288516000	21053	63031720
1791497922.864729000	21053	63064488
1791497923.454847000	21053	63080872
1791497924.047158000	21053	63015336
1791497924.637003000	21053	62982568
1791497925.227069000	21053	63015336
1791497925.801177000	21053	62998952
1791497926.388688000	21053	63080872
1791497926.982491000	21053	62966184
1791497927.560398000	21053	63015336
1791497928.155007000	21053	62998952
1791497928.722384000	21053	63031720
1791497929.295656000	21053	63015336
1791497929.865938000	21053	63015336
1791497930.438207000	21053	63015336
1791497931.011972000	21053	63031720
1791497931.585066000	21053	63015336
1791497932.175663000	21053	63064488
1791497932.771454000	21053	63015336
1791497933.365810000	21053	62982568
1791497933.960675000	21053	63031720
1791497934.537961000	21053	62998952
1791497935.121452000	21053	63113640
1791497935.709024000	21053	63031720
1791497936.301200000	21053	63097256
1791497936.873543000	21053	63080872
1791497937.446083000	21053	62998952
1791497938.030595000	21053	63048104
1791497938.620878000	21053	63048104
1791497939.222668000	21053	62966184
1791497939.816141000	21053	62998952
1791497940.383590000	21053	63048104
1791497940.976966000	21053	63048104
1791497941.570241000	21053	63113640
1791497942.168721000	21053	63130024
1791497942.749065000	21053	63146408
1791497943.337605000	21053	63113640
1791497943.926529000	21053	62998952
1791497944.518418000	21053	63031720
1791497945.113424000	21053	63031720
1791497945.699513000	21053	63097256
1791497946.267309000	21053	63113640
1791497946.861421000	21053	62982568
1791497947.441526000	21053	63064488
1791497948.015198000	21053	63064488
1791497948.593465000	21053	63326632
1791497949.175442000	21053	63670696
1791497949.743074000	21053	63752616
1791497950.317873000	21053	63818152
1791497950.902099000	21053	63834536
1791497951.475763000	21053	63785384
1791497952.047952000	21053	63834536
1791497952.627317000	21053	64014760
1791497953.206565000	21053	63998376
1791497953.795182000	21053	64014760
1791497954.364258000	21053	63998376
1791497954.935681000	21053	63900072
1791497955.506933000	21053	63932840
1791497956.079107000	21053	63883688
1791497956.668052000	21053	64031144
1791497957.259751000	21053	63981992
1791497957.840401000	21053	63998376
1791497958.411864000	21053	64047528
1791497958.985438000	21053	64063912
1791497959.577377000	21053	64063912
1791497960.169662000	21053	64031144
1791497960.747360000	21053	63998376
1791497961.321143000	21053	63998376
1791497961.910835000	21053	64063912
1791497962.506602000	21053	64129448
1791497963.091037000	21053	64129448
1791497963.660948000	21053	64080296
1791497964.239192000	21053	64129448
1791497964.810731000	21053	64031144
1791497965.400973000	21053	63392168
1791497965.979797000	21053	63506856
1791497966.558683000	21053	63343016
1791497967.127629000	21053	63343016
1791497967.720887000	21053	63326632
1791497968.302189000	21053	63310248
1791497968.894715000	21053	63310248
1791497969.466615000	21053	63310248
1791497970.050045000	21053	63326632
1791497970.640823000	21053	63326632
1791497971.236276000	21053	63359400
1791497971.836572000	21053	63293864
1791497972.417549000	21053	63261096
1791497973.002098000	21053	63310248
1791497973.594791000	21053	63359400
1791497974.191354000	21053	63359400
1791497974.771638000	21053	63244712
1791497975.345867000	21053	63326632
1791497975.935313000	21053	63326632
1791497976.527468000	21053	63343016
1791497977.108737000	21053	63343016
1791497977.679935000	21053	63326632
1791497978.269146000	21053	63375784
1791497978.866805000	21053	63441320
1791497979.463594000	21053	63441320
1791497980.057567000	21053	63441320
1791497980.637813000	21053	63343016
1791497981.227951000	21053	63244712
1791497981.813985000	21053	63359400
1791497982.412910000	21053	63359400
1791497982.986822000	21053	63359400
1791497983.573016000	21053	63310248
1791497984.151981000	21053	63293864
1791497984.747196000	21053	63293864
1791497985.319803000	21053	63310248
1791497985.895045000	21053	63310248
1791497986.483699000	21053	63343016
1791497987.068699000	21053	63293864
1791497987.668633000	21053	63261096
1791497988.258094000	21053	63293864
1791497988.829816000	21053	63261096
1791497989.420329000	21053	63375784
1791497990.017020000	21053	63326632
1791497990.610620000	21053	63326632
1791497991.186325000	21053	63326632
1791497991.762279000	21053	63392168
1791497992.352585000	21053	63408552
1791497992.944350000	21053	63343016
1791497993.519448000	21053	63392168
1791497994.105006000	21053	63424936
1791497994.696984000	21053	63392168
1791497995.296264000	21053	63457704
1791497995.876675000	21053	63474088
1791497996.450711000	21053	63474088
1791497997.021427000	21053	63326632
1791497997.611151000	21053	63244712
1791497998.204409000	21053	63359400
1791497998.775951000	21053	63359400
1791497999.352116000	21053	63244712
1791497999.929326000	21053	63326632
1791498000.519050000	21053	63310248
1791498001.111965000	21053	63310248
1791498001.707387000	21053	63326632
1791498002.285060000	21053	63343016
1791498002.874810000	21053	63310248
1791498003.465985000	21053	63326632
1791498004.064141000	21053	63392168
1791498004.636605000	21053	63392168
1791498005.219895000	21053	63343016
1791498005.813111000	21053	63424936
1791498006.407953000	21053	63326632
1791498006.988099000	21053	63441320
1791498007.572538000	21053	63523240
1791498008.164509000	21053	63392168
1791498008.756285000	21053	63457704
1791498009.347146000	21053	63277480
1791498009.922117000	21053	63310248
1791498010.484060000	21053	63211944
1791498011.075235000	21053	63392168
1791498011.671670000	21053	63293864
1791498012.267521000	21053	63293864
1791498012.843545000	21053	63293864
1791498013.431534000	21053	63310248
1791498014.025816000	21053	63277480
1791498014.627063000	21053	63277480
1791498015.223658000	21053	63277480
1791498015.804393000	21053	63244712
1791498016.391839000	21053	63293864
1791498016.985344000	21053	63326632
1791498017.577423000	21053	63211944
1791498018.150275000	21053	63293864
1791498018.724867000	21053	63310248
1791498019.316753000	21053	63244712
1791498019.912040000	21053	63293864
1791498020.484066000	21053	63277480
1791498021.075257000	21053	63277480
1791498021.661600000	21053	63277480
1791498022.259609000	21053	63310248
1791498022.833922000	21053	63375784
1791498023.419646000	21053	63392168
1791498024.016531000	21053	63359400
1791498024.598841000	21053	63408552
1791498025.190882000	21053	63261096
1791498025.755602000	21053	63293864
1791498026.333660000	21053	63211944
1791498026.907123000	21053	63310248
1791498027.480349000	21053	63195560
1791498028.062335000	21053	63277480
1791498028.634862000	21053	63277480
1791498029.206733000	21053	63293864
1791498029.799458000	21053	63293864
1791498030.392690000	21053	63293864
1791498030.959464000	21053	63244712
1791498031.530709000	21053	63277480
1791498032.125444000	21053	63261096
1791498032.693647000	21053	63293864
1791498033.270941000	21053	63359400
1791498033.852562000	21053	63310248
1791498034.443983000	21053	63392168
1791498035.040168000	21053	63244712
1791498035.638498000	21053	63277480
1791498036.218039000	21053	63195560
1791498036.792887000	21053	63310248
1791498037.373847000	21053	63310248
1791498037.969034000	21053	63211944
1791498038.562720000	21053	63293864
1791498039.135968000	21053	63293864
1791498039.712386000	21053	63293864
1791498040.313853000	21053	63195560
1791498040.909574000	21053	63228328
1791498041.509116000	21053	63211944
1791498042.103822000	21053	63326632
1791498042.669991000	21053	63326632
1791498043.253054000	21053	63195560
1791498043.845414000	21053	63293864
1791498044.437095000	21053	63293864
1791498045.011543000	21053	63293864
1791498045.588537000	21053	63293864
1791498046.181758000	21053	63310248
1791498046.775221000	21053	63375784
1791498047.357239000	21053	63375784
1791498047.929112000	21053	63375784
1791498048.520525000	21053	63375784
1791498049.114757000	21053	63424936
1791498049.693306000	21053	63424936
1791498050.286962000	21053	63277480
1791498050.863278000	21053	63326632
1791498051.443126000	21053	63277480
1791498052.014125000	21053	63261096
1791498052.611623000	21053	63326632
1791498053.174273000	21053	63343016
1791498053.748160000	21053	63359400
1791498054.336520000	21053	63375784
1791498054.927960000	21053	63375784
1791498055.514583000	21053	63293864
1791498056.081270000	21053	63293864
1791498056.674322000	21053	63293864
1791498057.245271000	21053	63261096
1791498057.818240000	21053	63293864
1791498058.385482000	21053	63392168
