old	58.9	34.2	64.1	52.8	915|450|465	96|51|45	dict=7fafe1b8/3M	lm=f9fb7b44/42M	84bb1b3
raw-oldrecipe	57.4	34.2	61.3	52.6	896|438|458	93|48|45	dict=f98d297e/3M	lm=eb330c74/43M	84bb1b3
lm90-oldrecipe	57.9	34.2	60.9	52.2	898|440|458	93|48|45	dict=f98d297e/3M	lm=483459f0/43M	84bb1b3
1c-mixed	54.5	33.4	57.5	51.3	902|438|464	86|45|41	dict=f98d297e/3M	lm=88afc24e/43M	84bb1b3
newdict-oldlm	57.7	33.5	63.9	51.7	916|450|466	98|51|47	dict=f98d297e/3M	lm=f9fb7b44/42M	84bb1b3
st90-stolcke	56.3	33.6	61.2	52.5	902|444|458	92|48|44	dict=f98d297e/3M	lm=18d90069/43M	ca86402
1c-base-cap100	61.9	33.9	64.9	46.1	903|440|463	98|49|49	dict=d25f200a/3M	lm=bc19ea57/41M	ca86402
作废:combine-old50	55.4	33.8	60.6	51.6	902|443|459	92|47|45	dict=f98d297e/3M	lm=43fe7d93/43M	93a08a2
作废:combine-dlg50	57.2	31.8	64.5	42.9	898|440|458	97|48|49	dict=f98d297e/3M	lm=24af6d4d/43M	93a08a2
mix-dlg25-old25	57.5	33.1	63.1	48.6	903|442|461	97|49|48	dict=f98d297e/3M	lm=88afc24e/43M	93a08a2
mix-dlg30-old20	57.7	32.4	63.1	47.9	900|443|457	98|49|49	dict=f98d297e/3M	lm=88afc24e/43M	93a08a2
