你是空间里的那个	对话留出
这个装的我给	对话留出
我不知道啊	对话留出
想吃赶紧回	对话留出
够意思吧	对话留出
怎么不打	对话留出
还有后面抖	对话留出
点起来啊	对话留出
哈哈哈哈哈哈是的纯友军	对话留出
木有啥贵重东西	对话留出
月还有活动吗	对话留出
好像是固定有几首歌你可以搜一下	对话留出
好寒假去看看	对话留出
感觉遇不到那个让人豁然开朗的人了	对话留出
莫非你猜	对话留出
个周的时间好像	对话留出
站在盾上让他只能	对话留出
他解除了	对话留出
下个星期开始	对话留出
多了哪些功能	对话留出
花的我肉疼	对话留出
每次去星巴克别人都是一杯咖啡加	对话留出
你来淄博我带你撸	对话留出
跪求你来找我	对话留出
你就是这样跟阿姨讲话的吗	对话留出
首保是免费的	对话留出
我等元旦后在挑	对话留出
一路上都担心别有认识的人看见我这样	对话留出
我一个人跑到福州了	对话留出
小时左右	对话留出
多休息啊不要浪	对话留出
我也用了	对话留出
好久没逛街了	对话留出
敢不敢炫耀下你的知识	对话留出
还不错的哟	对话留出
两个月瘦到	对话留出
每次我低头捡东西顺势抓我头发	对话留出
我的女神我的梦中情人还在东营不走啦没	对话留出
四海之内皆兄弟对象是啥玩意	对话留出
直接卡这儿不动了	对话留出
你掏钱去	对话留出
看你喜欢哪种了	对话留出
我想问我也是	对话留出
有些失望	对话留出
月中旬去亲觉得天气怎样	对话留出
现在已经	对话留出
我家后花园种的葱哇米	对话留出
注定那个体重	对话留出
姐姐打紧寒假工啊	对话留出
工作中也成剩男了	对话留出
你读的是什么学校啊	对话留出
刘叔叔让我幸运一次吧	对话留出
玩得好嗨	对话留出
就是这样	对话留出
月份的没准儿还行	对话留出
噗哈哈哈	对话留出
才打完赌你就上来了	对话留出
但引用别人的话请注明出处	对话留出
从小我的家庭环境就告诉我	对话留出
怎么跟恶虎一样	对话留出
哈哈哈你个傻脸我竟然以为你睡了	对话留出
看来老了	对话留出
果然是白色好看我买的蓝色好后悔发愁	对话留出
你年纪大了	对话留出
主要我大一	对话留出
可以只要	对话留出
裤子脱下	对话留出
别忽用就行	对话留出
我有准备三月扫了放上来	对话留出
感觉什么都变了	对话留出
这种情况去家以前洗衣机也试过	对话留出
可拆卖每个单品都是	对话留出
你这每天晚上	对话留出
所以要找我看啊	对话留出
最近重新活了一遍	对话留出
打架不就是	对话留出
须得记取一言	对话留出
我觉得他课还行吧	对话留出
不要避重就轻	对话留出
我们再见呀	对话留出
其他的话就录制好发上去就行了	对话留出
正常广州是次日傍晚到的	对话留出
点就走啦	对话留出
岁我也是醉了	对话留出
的土豪把你淘汰的旧手机给我用	对话留出
这脸长度能和卷福	对话留出
还是迟到了	对话留出
她以前用	对话留出
啊啊啊啊啊谢谢亲爱的	对话留出
啦之类的	对话留出
写成放心了	对话留出
不要不要哈	对话留出
熊哈哈哈	对话留出
你还欠我不知道	对话留出
去二手车应用看看准备	对话留出
要把它变真的	对话留出
多怕对面喊句看你买了个包	对话留出
看来你也是选择金钱的奴隶了	对话留出
谁能告诉我	对话留出
然而并不想要	对话留出
朝仓义景	书面留出
座发生大火	书面留出
盈正豫顺电子股份有限公司董事长	书面留出
天市左垣八	书面留出
巴士关东	书面留出
国史馆台湾文献馆	书面留出
正常情况下	书面留出
妈妈的火星探险记	书面留出
地球上竟有这么多能力者	书面留出
出道前曾在	书面留出
尔雅出版社	书面留出
每一行的	书面留出
缔结的唐朝吐蕃和平条约划定了两国	书面留出
藁城战将殉沙场	书面留出
机场航站楼	书面留出
物理学家	书面留出
斯廷的座标为	书面留出
用纯律大三度调整	书面留出
斯特拉的魔法	书面留出
道场三宝线	书面留出
包括大约	书面留出
头孢洛林由研制生产	书面留出
年代便走红的女歌手黄莺莺帮他取的	书面留出
两者均处于静止的状态下	书面留出
得到假尿酸钾	书面留出
采比目法	书面留出
脱口秀等演出	书面留出
验证光速是否与器材的运动速度独立	书面留出
拉阔音乐会	书面留出
澳门风云	书面留出
律师助手	书面留出
怕尼芝建北山国	书面留出
可以得到顺	书面留出
模型的似然度定义为	书面留出
超级玛利欧创作家	书面留出
进行到第二轮时一方有一个洞已被	书面留出
添加随机性元素	书面留出
人口增长率	书面留出
话和最终话登场	书面留出
汽车南站	书面留出
俄罗斯以	书面留出
联邦宪法第	书面留出
警察和形形色色地下军	书面留出
当分支上没有标示增益时	书面留出
发酵工程	书面留出
用于简单反事实句	书面留出
绍斯伍德阿克雷斯的座标为	书面留出
魔法使与黑猫维兹	书面留出
小时下修到	书面留出
切尔尼戈夫大公国	书面留出
是乌克兰陆军的一个装甲旅单位	书面留出
每次显示	书面留出
格鲁吉亚航空	书面留出
对应日本版第	书面留出
个韵母再加上一个成音节的鼻韵母	书面留出
台湾电影发行商	书面留出
六厂每年策划三季展览	书面留出
单数形之格变化	书面留出
错峰返校	书面留出
辆编组位置禁止进入	书面留出
左轮手枪	书面留出
支援并能提供	书面留出
第八号热带低气压在多巴哥岛西北方向约	书面留出
罗青散文集	书面留出
是由于引入了一种新的增强子	书面留出
小学五年级	书面留出
龙族出身的第二代魔王	书面留出
折的按需收费折扣	书面留出
综合医疗服务系统	书面留出
香港代表	书面留出
师副师长	书面留出
政府解除大阪	书面留出
针对某非负整数	书面留出
想法的问题出在	书面留出
具有飞行能力	书面留出
哪种味道最难闻	书面留出
该故事是	书面留出
沙德尔减弱为强热带风暴	书面留出
小美人鱼	书面留出
吐蕃彝泰	书面留出
行政院核定	书面留出
玛利欧与路易吉	书面留出
当一弹簧作简谐运动时	书面留出
最佳影片	书面留出
两位苏联滑冰运动员在竞速滑冰	书面留出
青岛市黄岛区公布了青岛市	书面留出
是一个直角三角形	书面留出
去除斑点	书面留出
半导体物理学	书面留出
是秋俊的补习学校朋友	书面留出
根式中开方开不尽的数	书面留出
辞任所有职务诸职	书面留出
日是拔除海安外围据点	书面留出
排名第四十八位	书面留出
官方网站	书面留出
号线一期工程全线长轨通	书面留出
有一张有关	书面留出
可可特的心跳	书面留出
核糖体亚基	书面留出
发生时条件独立	书面留出
这个店的营业时间是咋样的	外部集
你帮我看一下它的周边有没有酒店呗	外部集
请问该餐馆周边都有哪些酒店	外部集
我比较爱看书	外部集
评分是多少呢	外部集
能帮我查一下这个景点的电话吗	外部集
你知道这个餐馆在什么地方吗	外部集
可以帮我查一下景点周边都有什么餐馆吗	外部集
我对密云博物馆比较感兴趣	外部集
这个餐馆周边有哪些酒店呢	外部集
电话发过来一下	外部集
北京校区	外部集
我想吃干烧桂鱼	外部集
的周边有哪些景点和酒店呢	外部集
这家酒店能行李寄存吗	外部集
最好评分是在	外部集
烤肉宛饭庄的营业时间是什么时候	外部集
酒店设施是否提供暖气	外部集
天坛周边的景点有哪些	外部集
这家餐馆的营业	外部集
听着还不错	外部集
就去北京丰荣君华酒店吧	外部集
然后评分也要在	外部集
我想去一个能提供商务中心的酒店	外部集
那帮我推荐一家有接待外宾服务和无烟房	外部集
顺便问一下酒店评分是多少呀	外部集
我想吃板烧鸡腿早晨全餐配鲜煮咖啡	外部集
定好酒店以后我还得去定一个餐馆	外部集
小时的景点行吗	外部集
帮我查一下出发站和到达站	外部集
这附近有景点可以去吗	外部集
那餐馆周边有什么游玩的景点吗	外部集
还是国家图书馆比较适合我	外部集
可以帮我推荐一个评分是	外部集
北京南站店	外部集
这家餐馆的人均消费价格是多少啊	外部集
知道它家周边有啥好玩的景点吗	外部集
我想去和庆斋吃饭	外部集
我安排下我的时间	外部集
那你帮我查一下酒店是否提供接待外宾	外部集
清华园店	外部集
这家餐馆的周边景点有啥	外部集
是什么类型的酒店呢	外部集
这家酒店周边都有什么好吃的餐馆呢	外部集
知道这个餐馆周边都有什么酒店吗	外部集
在贡院蜀楼	外部集
赶快把这个景点的地址发给我	外部集
想找一个票价是免费的	外部集
它家周边有餐馆吗	外部集
没有酒店啊	外部集
就去这里吧	外部集
这个景点的游玩时间是多久	外部集
你把地址发给我吧	外部集
我希望北京京仪大酒店有外宾接待服务	外部集
那我就去北京国际饭店吧	外部集
这家酒店的周边都有哪些景点	外部集
想去中国石油大学	外部集
告诉我下它的周边景点	外部集
推荐我一个最低价格是	外部集
我希望姑姑也可以去她喜欢的景点	外部集
分以上的餐馆吃饭	外部集
请帮我查下它们附近的地铁站	外部集
反正也是闲逛	外部集
这个酒店的周边都有哪些餐馆	外部集
玩完之后我想找一个价格在	外部集
可以帮我找一个评分	外部集
能帮我找一个评分	外部集
没太明白	外部集
华滨国际大酒店富临阁酒楼的人均消费是多少	外部集
分门票交个	外部集
小时的景点吗	外部集
麻烦你帮我推荐一个游玩时长是	外部集
听起来也不错	外部集
再推荐一个高档酒店吧	外部集
周边还有什么餐馆呢	外部集
北京美第奇精选酒店就行	外部集
四季民福烤鸭店	外部集
然后酒店评分要在	外部集
元的最好	外部集
有什么好的推荐吗	外部集
帮我推荐一家有土豆丝这道菜的并且评分在	外部集
那我选择去桐记小灶儿牛板筋火锅	外部集
那你帮我把该景点的电话发过来好吗	外部集
天的景点吗	外部集
我这几天就是想吃巧克力熔岩蛋糕	外部集
我没有其他问题了	外部集
我想吃榴莲酥	外部集
北京亚运村店	外部集
分以上的餐馆呗	外部集
我打算去这里	外部集
这个景点的周边有哪些好吃的餐馆	外部集
你有什么合适的景点推荐给我吗	外部集
出差来北京麻烦您给我推荐一个评分在	外部集
北京健翔桥店	外部集
这回我可是有口福了	外部集
这下可以好好玩玩了	外部集
我有点事要问	外部集
这个景点周边都有哪些其他景点呀	外部集
我觉得留一个备用吧	外部集
请帮我找个景点玩	外部集
