你是空间里的那个	nishikongjianlidenage	
这个装的我给	zhegezhuangdewogei	
我不知道啊	wobuzhidaoa	
想吃赶紧回	xiangchiganjinhui	
够意思吧	gouyisiba	
怎么不打	zenmebuda	
还有后面抖	haiyouhoumiandou	
点起来啊	dianqilaia	
哈哈哈哈哈哈是的纯友军	hahahahahahashidechunyoujun	
木有啥贵重东西	muyoushaguizhongdongxi	
月还有活动吗	yuehaiyouhuodongma	
好像是固定有几首歌你可以搜一下	haoxiangshigudingyoujishougenikeyisouyixia	
好寒假去看看	haohanjiaqukankan	
感觉遇不到那个让人豁然开朗的人了	ganjueyubudaonagerangrenhuorankailangderenle	
莫非你猜	mofeinicai	
个周的时间好像	gezhoudeshijianhaoxiang	
站在盾上让他只能	zhanzaidunshangrangtazhineng	
他解除了	tajiechule	
下个星期开始	xiagexingqikaishi	
多了哪些功能	duolenaxiegongneng	
花的我肉疼	huadeworouteng	
每次去星巴克别人都是一杯咖啡加	meiciquxingbakebierendoushiyibeikafeijia	
你来淄博我带你撸	nilaizibowodainilu	
跪求你来找我	guiqiunilaizhaowo	
你就是这样跟阿姨讲话的吗	nijiushizheyanggenayijianghuadema	
首保是免费的	shoubaoshimianfeide	
我等元旦后在挑	wodengyuandanhouzaitiao	
一路上都担心别有认识的人看见我这样	yilushangdoudanxinbieyourenshiderenkanjianwozheyang	
我一个人跑到福州了	woyigerenpaodaofuzhoule	
小时左右	xiaoshizuoyou	
多休息啊不要浪	duoxiuxiabuyaolang	
我也用了	woyeyongle	
好久没逛街了	haojiumeiguangjiele	
敢不敢炫耀下你的知识	ganbuganxuanyaoxianidezhishi	
还不错的哟	haibucuodeyo	
两个月瘦到	lianggeyueshoudao	
每次我低头捡东西顺势抓我头发	meiciwoditoujiandongxishunshizhuawotoufa	
我的女神我的梦中情人还在东营不走啦没	wodenvshenwodemengzhongqingrenhaizaidongyingbuzoulamei	
四海之内皆兄弟对象是啥玩意	sihaizhineijiexiongdiduixiangshishawanyi	
直接卡这儿不动了	zhijiekazheerbudongle	
你掏钱去	nitaoqianqu	
看你喜欢哪种了	kannixihuannazhongle	
我想问我也是	woxiangwenwoyeshi	
有些失望	youxieshiwang	
月中旬去亲觉得天气怎样	yuezhongxunquqinjuedetianqizenyang	
现在已经	xianzaiyijing	
我家后花园种的葱哇米	wojiahouhuayuanzhongdecongwami	
注定那个体重	zhudingnagetizhong	
姐姐打紧寒假工啊	jiejiedajinhanjiagonga	
工作中也成剩男了	gongzuozhongyechengshengnanle	
你读的是什么学校啊	nidudeshishenmexuexiaoa	
刘叔叔让我幸运一次吧	liushushurangwoxingyunyiciba	
玩得好嗨	wandehaohai	
就是这样	jiushizheyang	
月份的没准儿还行	yuefendemeizhunerhaixing	
噗哈哈哈	puhahaha	
才打完赌你就上来了	caidawandunijiushanglaile	
但引用别人的话请注明出处	danyinyongbierendehuaqingzhumingchuchu	
从小我的家庭环境就告诉我	congxiaowodejiatinghuanjingjiugaosuwo	
怎么跟恶虎一样	zenmegenehuyiyang	
哈哈哈你个傻脸我竟然以为你睡了	hahahanigeshalianwojingranyiweinishuile	
看来老了	kanlailaole	
果然是白色好看我买的蓝色好后悔发愁	guoranshibaisehaokanwomaidelansehaohouhuifachou	
你年纪大了	ninianjidale	
主要我大一	zhuyaowodayi	
可以只要	keyizhiyao	
裤子脱下	kuzituoxia	
别忽用就行	biehuyongjiuxing	
我有准备三月扫了放上来	woyouzhunbeisanyuesaolefangshanglai	
感觉什么都变了	ganjueshenmedoubianle	
这种情况去家以前洗衣机也试过	zhezhongqingkuangqujiayiqianxiyijiyeshiguo	
可拆卖每个单品都是	kechaimaimeigedanpindoushi	
你这每天晚上	nizhemeitianwanshang	
所以要找我看啊	suoyiyaozhaowokana	
最近重新活了一遍	zuijinchongxinhuoleyibian	
打架不就是	dajiabujiushi	
须得记取一言	xudejiquyiyan	
我觉得他课还行吧	wojuedetakehaixingba	
不要避重就轻	buyaobizhongjiuqing	
我们再见呀	womenzaijianya	
其他的话就录制好发上去就行了	qitadehuajiuluzhihaofashangqujiuxingle	
正常广州是次日傍晚到的	zhengchangguangzhoushiciribangwandaode	
点就走啦	dianjiuzoula	
岁我也是醉了	suiwoyeshizuile	
的土豪把你淘汰的旧手机给我用	detuhaobanitaotaidejiushoujigeiwoyong	
这脸长度能和卷福	zhelianchangdunenghejuanfu	
还是迟到了	haishichidaole	
她以前用	tayiqianyong	
啊啊啊啊啊谢谢亲爱的	aaaaaxiexieqinaide	
啦之类的	lazhileide	
写成放心了	xiechengfangxinle	
不要不要哈	buyaobuyaoha	
熊哈哈哈	xionghahaha	
你还欠我不知道	nihaiqianwobuzhidao	
去二手车应用看看准备	quershoucheyingyongkankanzhunbei	
要把它变真的	yaobatabianzhende	
多怕对面喊句看你买了个包	duopaduimianhanjukannimailegebao	
看来你也是选择金钱的奴隶了	kanlainiyeshixuanzejinqiandenulile	
谁能告诉我	shuinenggaosuwo	
然而并不想要	ranerbingbuxiangyao	
朝仓义景	chaocangyijing	
座发生大火	zuofashengdahuo	
盈正豫顺电子股份有限公司董事长	yingzhengyushundianzigufenyouxiangongsidongshizhang	
天市左垣八	tianshizuoyuanba	
巴士关东	bashiguandong	
国史馆台湾文献馆	guoshiguantaiwanwenxianguan	
正常情况下	zhengchangqingkuangxia	
妈妈的火星探险记	mamadehuoxingtanxianji	
地球上竟有这么多能力者	diqiushangjingyouzhemeduonenglizhe	
出道前曾在	chudaoqiancengzai	
尔雅出版社	eryachubanshe	
每一行的	meiyixingde	
缔结的唐朝吐蕃和平条约划定了两国	dijiedetangchaotubohepingtiaoyuehuadingleliangguo	
藁城战将殉沙场	gaochengzhanjiangxunshachang	
机场航站楼	jichanghangzhanlou	
物理学家	wulixuejia	
斯廷的座标为	sitingdezuobiaowei	
用纯律大三度调整	yongchunlvdasandutiaozheng	
斯特拉的魔法	sitelademofa	
道场三宝线	daochangsanbaoxian	
包括大约	baokuodayue	
头孢洛林由研制生产	toubaoluolinyouyanzhishengchan	
年代便走红的女歌手黄莺莺帮他取的	niandaibianzouhongdenvgeshouhuangyingyingbangtaqude	
两者均处于静止的状态下	liangzhejunchuyujingzhidezhuangtaixia	
得到假尿酸钾	dedaojianiaosuanjia	
采比目法	caibimufa	
脱口秀等演出	tuokouxiudengyanchu	
验证光速是否与器材的运动速度独立	yanzhengguangsushifouyuqicaideyundongsududuli	
拉阔音乐会	lakuoyinyuehui	
澳门风云	aomenfengyun	
律师助手	lvshizhushou	
怕尼芝建北山国	panizhijianbeishanguo	
可以得到顺	keyidedaoshun	
模型的似然度定义为	moxingdeshirandudingyiwei	
超级玛利欧创作家	chaojimaliouchuangzuojia	
进行到第二轮时一方有一个洞已被	jinxingdaodierlunshiyifangyouyigedongyibei	
添加随机性元素	tianjiasuijixingyuansu	
人口增长率	renkouzengzhanglv	
话和最终话登场	huahezuizhonghuadengchang	
汽车南站	qichenanzhan	
俄罗斯以	eluosiyi	
联邦宪法第	lianbangxianfadi	
警察和形形色色地下军	jingchahexingxingsesedixiajun	
当分支上没有标示增益时	dangfenzhishangmeiyoubiaoshizengyishi	
发酵工程	fajiaogongcheng	
用于简单反事实句	yongyujiandanfanshishiju	
绍斯伍德阿克雷斯的座标为	shaosiwudeakeleisidezuobiaowei	
魔法使与黑猫维兹	mofashiyuheimaoweizi	
小时下修到	xiaoshixiaxiudao	
切尔尼戈夫大公国	qieernigefudagongguo	
是乌克兰陆军的一个装甲旅单位	shiwukelanlujundeyigezhuangjialvdanwei	
每次显示	meicixianshi	
格鲁吉亚航空	gelujiyahangkong	
对应日本版第	duiyingribenbandi	
个韵母再加上一个成音节的鼻韵母	geyunmuzaijiashangyigechengyinjiedebiyunmu	
台湾电影发行商	taiwandianyingfaxingshang	
六厂每年策划三季展览	liuchangmeiniancehuasanjizhanlan	
单数形之格变化	danshuxingzhigebianhua	
错峰返校	cuofengfanxiao	
辆编组位置禁止进入	liangbianzuweizhijinzhijinru	
左轮手枪	zuolunshouqiang	
支援并能提供	zhiyuanbingnengtigong	
第八号热带低气压在多巴哥岛西北方向约	dibahaoredaidiqiyazaiduobagedaoxibeifangxiangyue	
罗青散文集	luoqingsanwenji	
是由于引入了一种新的增强子	shiyouyuyinruleyizhongxindezengqiangzi	
小学五年级	xiaoxuewunianji	
龙族出身的第二代魔王	longzuchushendedierdaimowang	
折的按需收费折扣	zhedeanxushoufeizhekou	
综合医疗服务系统	zongheyiliaofuwuxitong	
香港代表	xianggangdaibiao	
师副师长	shifushizhang	
政府解除大阪	zhengfujiechudaban	
针对某非负整数	zhenduimoufeifuzhengshu	
想法的问题出在	xiangfadewentichuzai	
具有飞行能力	juyoufeixingnengli	
哪种味道最难闻	nazhongweidaozuinanwen	
该故事是	gaigushishi	
沙德尔减弱为强热带风暴	shadeerjianruoweiqiangredaifengbao	
小美人鱼	xiaomeirenyu	
吐蕃彝泰	tuboyitai	
行政院核定	xingzhengyuanheding	
玛利欧与路易吉	maliouyuluyiji	
当一弹簧作简谐运动时	dangyitanhuangzuojianxieyundongshi	
最佳影片	zuijiayingpian	
两位苏联滑冰运动员在竞速滑冰	liangweisulianhuabingyundongyuanzaijingsuhuabing	
青岛市黄岛区公布了青岛市	qingdaoshihuangdaoqugongbuleqingdaoshi	
是一个直角三角形	shiyigezhijiaosanjiaoxing	
去除斑点	quchubandian	
半导体物理学	bandaotiwulixue	
是秋俊的补习学校朋友	shiqiujundebuxixuexiaopengyou	
根式中开方开不尽的数	genshizhongkaifangkaibujindeshu	
辞任所有职务诸职	cirensuoyouzhiwuzhuzhi	
日是拔除海安外围据点	rishibachuhaianwaiweijudian	
排名第四十八位	paimingdisishibawei	
官方网站	guanfangwangzhan	
号线一期工程全线长轨通	haoxianyiqigongchengquanxianzhangguitong	
有一张有关	youyizhangyouguan	
可可特的心跳	keketedexintiao	
核糖体亚基	hetangtiyaji	
发生时条件独立	fashengshitiaojianduli	
这个店的营业时间是咋样的	zhegediandeyingyeshijianshizayangde	
你帮我看一下它的周边有没有酒店呗	nibangwokanyixiatadezhoubianyoumeiyoujiudianbei	
请问该餐馆周边都有哪些酒店	qingwengaicanguanzhoubiandouyounaxiejiudian	
我比较爱看书	wobijiaoaikanshu	
评分是多少呢	pingfenshiduoshaone	
能帮我查一下这个景点的电话吗	nengbangwochayixiazhegejingdiandedianhuama	
你知道这个餐馆在什么地方吗	nizhidaozhegecanguanzaishenmedifangma	
可以帮我查一下景点周边都有什么餐馆吗	keyibangwochayixiajingdianzhoubiandouyoushenmecanguanma	
我对密云博物馆比较感兴趣	woduimiyunbowuguanbijiaoganxingqu	
这个餐馆周边有哪些酒店呢	zhegecanguanzhoubianyounaxiejiudianne	
电话发过来一下	dianhuafaguolaiyixia	
北京校区	beijingxiaoqu	
我想吃干烧桂鱼	woxiangchiganshaoguiyu	
的周边有哪些景点和酒店呢	dezhoubianyounaxiejingdianhejiudianne	
这家酒店能行李寄存吗	zhejiajiudiannengxinglijicunma	
最好评分是在	zuihaopingfenshizai	
烤肉宛饭庄的营业时间是什么时候	kaorouwanfanzhuangdeyingyeshijianshishenmeshihou	
酒店设施是否提供暖气	jiudiansheshishifoutigongnuanqi	
天坛周边的景点有哪些	tiantanzhoubiandejingdianyounaxie	
这家餐馆的营业	zhejiacanguandeyingye	
听着还不错	tingzhehaibucuo	
就去北京丰荣君华酒店吧	jiuqubeijingfengrongjunhuajiudianba	
然后评分也要在	ranhoupingfenyeyaozai	
我想去一个能提供商务中心的酒店	woxiangquyigenengtigongshangwuzhongxindejiudian	
那帮我推荐一家有接待外宾服务和无烟房	nabangwotuijianyijiayoujiedaiwaibinfuwuhewuyanfang	
顺便问一下酒店评分是多少呀	shunbianwenyixiajiudianpingfenshiduoshaoya	
我想吃板烧鸡腿早晨全餐配鲜煮咖啡	woxiangchibanshaojituizaochenquancanpeixianzhukafei	
定好酒店以后我还得去定一个餐馆	dinghaojiudianyihouwohaidequdingyigecanguan	
小时的景点行吗	xiaoshidejingdianxingma	
帮我查一下出发站和到达站	bangwochayixiachufazhanhedaodazhan	
这附近有景点可以去吗	zhefujinyoujingdiankeyiquma	
那餐馆周边有什么游玩的景点吗	nacanguanzhoubianyoushenmeyouwandejingdianma	
还是国家图书馆比较适合我	haishiguojiatushuguanbijiaoshihewo	
可以帮我推荐一个评分是	keyibangwotuijianyigepingfenshi	
北京南站店	beijingnanzhandian	
这家餐馆的人均消费价格是多少啊	zhejiacanguanderenjunxiaofeijiageshiduoshaoa	
知道它家周边有啥好玩的景点吗	zhidaotajiazhoubianyoushahaowandejingdianma	
我想去和庆斋吃饭	woxiangquheqingzhaichifan	
我安排下我的时间	woanpaixiawodeshijian	
那你帮我查一下酒店是否提供接待外宾	nanibangwochayixiajiudianshifoutigongjiedaiwaibin	
清华园店	qinghuayuandian	
这家餐馆的周边景点有啥	zhejiacanguandezhoubianjingdianyousha	
是什么类型的酒店呢	shishenmeleixingdejiudianne	
这家酒店周边都有什么好吃的餐馆呢	zhejiajiudianzhoubiandouyoushenmehaochidecanguanne	
知道这个餐馆周边都有什么酒店吗	zhidaozhegecanguanzhoubiandouyoushenmejiudianma	
在贡院蜀楼	zaigongyuanshulou	
赶快把这个景点的地址发给我	gankuaibazhegejingdiandedizhifageiwo	
想找一个票价是免费的	xiangzhaoyigepiaojiashimianfeide	
它家周边有餐馆吗	tajiazhoubianyoucanguanma	
没有酒店啊	meiyoujiudiana	
就去这里吧	jiuquzheliba	
这个景点的游玩时间是多久	zhegejingdiandeyouwanshijianshiduojiu	
你把地址发给我吧	nibadizhifageiwoba	
我希望北京京仪大酒店有外宾接待服务	woxiwangbeijingjingyidajiudianyouwaibinjiedaifuwu	
那我就去北京国际饭店吧	nawojiuqubeijingguojifandianba	
这家酒店的周边都有哪些景点	zhejiajiudiandezhoubiandouyounaxiejingdian	
想去中国石油大学	xiangquzhongguoshiyoudaxue	
告诉我下它的周边景点	gaosuwoxiatadezhoubianjingdian	
推荐我一个最低价格是	tuijianwoyigezuidijiageshi	
我希望姑姑也可以去她喜欢的景点	woxiwangguguyekeyiqutaxihuandejingdian	
分以上的餐馆吃饭	fenyishangdecanguanchifan	
请帮我查下它们附近的地铁站	qingbangwochaxiatamenfujindeditiezhan	
反正也是闲逛	fanzhengyeshixianguang	
这个酒店的周边都有哪些餐馆	zhegejiudiandezhoubiandouyounaxiecanguan	
玩完之后我想找一个价格在	wanwanzhihouwoxiangzhaoyigejiagezai	
可以帮我找一个评分	keyibangwozhaoyigepingfen	
能帮我找一个评分	nengbangwozhaoyigepingfen	
没太明白	meitaimingbai	
华滨国际大酒店富临阁酒楼的人均消费是多少	huabinguojidajiudianfulingejiulouderenjunxiaofeishiduoshao	
分门票交个	fenmenpiaojiaoge	
小时的景点吗	xiaoshidejingdianma	
麻烦你帮我推荐一个游玩时长是	mafannibangwotuijianyigeyouwanshizhangshi	
听起来也不错	tingqilaiyebucuo	
再推荐一个高档酒店吧	zaituijianyigegaodangjiudianba	
周边还有什么餐馆呢	zhoubianhaiyoushenmecanguanne	
北京美第奇精选酒店就行	beijingmeidiqijingxuanjiudianjiuxing	
四季民福烤鸭店	sijiminfukaoyadian	
然后酒店评分要在	ranhoujiudianpingfenyaozai	
元的最好	yuandezuihao	
有什么好的推荐吗	youshenmehaodetuijianma	
帮我推荐一家有土豆丝这道菜的并且评分在	bangwotuijianyijiayoutudousizhedaocaidebingqiepingfenzai	
那我选择去桐记小灶儿牛板筋火锅	nawoxuanzequtongjixiaozaoerniubanjinhuoguo	
那你帮我把该景点的电话发过来好吗	nanibangwobagaijingdiandedianhuafaguolaihaoma	
天的景点吗	tiandejingdianma	
我这几天就是想吃巧克力熔岩蛋糕	wozhejitianjiushixiangchiqiaokelirongyandangao	
我没有其他问题了	womeiyouqitawentile	
我想吃榴莲酥	woxiangchiliuliansu	
北京亚运村店	beijingyayuncundian	
分以上的餐馆呗	fenyishangdecanguanbei	
我打算去这里	wodasuanquzheli	
这个景点的周边有哪些好吃的餐馆	zhegejingdiandezhoubianyounaxiehaochidecanguan	
你有什么合适的景点推荐给我吗	niyoushenmeheshidejingdiantuijiangeiwoma	
出差来北京麻烦您给我推荐一个评分在	chuchailaibeijingmafanningeiwotuijianyigepingfenzai	
北京健翔桥店	beijingjianxiangqiaodian	
这回我可是有口福了	zhehuiwokeshiyoukoufule	
这下可以好好玩玩了	zhexiakeyihaohaowanwanle	
我有点事要问	woyoudianshiyaowen	
这个景点周边都有哪些其他景点呀	zhegejingdianzhoubiandouyounaxieqitajingdianya	
我觉得留一个备用吧	wojuedeliuyigebeiyongba	
请帮我找个景点玩	qingbangwozhaogejingdianwan	
